active_users,cross_posts,Images,Videos,Video1Len,Video2Len,Video3Len,Video4Len,Video_Len,Social_Media,Word_Count,PositiveEmotion,NegativeEmotion,Upvote_Ratio
14838,4,1,1,621,0,0,0,621,0,834,3.24,1.2,Low
14838,0,0,0,0,0,0,0,0,0,548,2.55,0.55,High
14838,0,0,2,25,106,0,0,131,0,91,0,7.69,High
14838,0,1,0,0,0,0,0,0,0,496,2.62,1.41,High
14838,1,0,1,137,0,0,0,137,0,263,1.9,1.14,High
14838,1,6,3,92,25,53,101,271,4,152,3.95,1.32,Low
14838,1,1,0,0,0,0,0,0,0,461,0.87,3.47,High
14838,0,0,0,0,0,0,0,0,0,153,3.27,0,Low
14838,1,1,0,0,0,0,0,0,0,457,1.75,2.19,Low
14838,0,1,1,60,0,0,0,60,0,96,1.04,1.04,High
14838,1,1,0,0,0,0,0,0,0,311,3.86,0.96,High
14838,1,1,1,41,0,0,0,41,0,424,1.89,0,Low
14838,0,4,0,0,0,0,0,0,1,181,1.66,1.1,Low
14838,0,1,0,0,0,0,0,0,0,538,0.56,2.79,High
14838,2,1,0,0,0,0,0,0,0,176,1.14,1.14,Low
14838,5,1,2,674,53,0,0,727,0,417,1.68,1.44,Low
14838,0,1,0,0,0,0,0,0,0,0,0,0,High
14838,0,1,0,0,0,0,0,0,1,425,1.18,2.82,Low
14838,0,0,1,72,0,0,0,72,0,698,0.72,2.87,Low
14838,0,6,0,0,0,0,0,0,0,78,0,1.28,High
14838,0,17,0,0,0,0,0,0,0,388,1.55,2.84,High
14838,1,1,0,0,0,0,0,0,1,532,1.32,3.95,Low
14838,1,0,0,0,0,0,0,0,0,345,0.87,3.19,Low
14838,4,0,0,0,0,0,0,0,0,438,0.91,1.83,High
14838,0,1,0,0,0,0,0,0,0,518,2.12,1.35,High
19458,4,18,0,0,0,0,0,0,0,525,1.14,0.19,High
19458,1,4,0,0,0,0,0,0,0,479,1.04,2.71,High
19458,8,0,0,0,0,0,0,0,0,548,2.55,0.55,High
19458,2,0,2,25,106,0,0,131,0,91,0,7.69,High
19458,1,2,1,46,0,0,0,46,0,618,0.65,2.1,High
19458,3,1,0,0,0,0,0,0,0,150,2,2,High
19458,0,0,1,72,0,0,0,72,0,698,0.72,2.87,High
19458,0,0,1,86,0,0,0,86,0,495,0.2,2.83,High
19458,4,1,1,621,0,0,0,621,0,834,3.24,1.2,Low
19458,0,1,0,0,0,0,0,0,0,496,2.62,1.41,High
19458,0,2,0,0,0,0,0,0,0,357,2.24,2.24,High
19458,0,2,0,0,0,0,0,0,0,397,0.76,3.78,High
19458,1,1,0,0,0,0,0,0,0,461,0.87,3.47,High
19458,0,1,0,0,0,0,0,0,0,41,2.44,0,High
19458,1,0,1,137,0,0,0,137,0,263,1.9,1.14,High
19458,0,4,0,0,0,0,0,0,1,181,1.66,1.1,High
19458,3,1,0,0,0,0,0,0,1,425,1.18,2.82,Low
19458,0,2,1,39,0,0,0,39,0,281,0.36,1.42,Low
19458,1,6,3,92,25,53,101,271,4,152,3.95,1.32,Low
19458,0,2,0,0,0,0,0,0,0,733,0.82,2.32,Low
19458,0,1,1,60,0,0,0,60,0,96,1.04,1.04,High
19458,0,1,1,364,0,0,0,364,0,275,2.55,3.27,Low
19458,0,1,0,0,0,0,0,0,0,663,1.06,1.06,High
19458,1,0,1,110,0,0,0,110,0,290,0.69,2.76,Low
19458,0,10,0,0,0,0,0,0,0,236,0.85,2.54,Low
45439,7,5,0,0,0,0,0,0,2,0,0,0,High
45439,12,0,1,33,0,0,0,33,0,195,1.03,5.13,Low
45439,3,1,0,0,0,0,0,0,0,93,1.08,5.38,High
45439,3,2,0,0,0,0,0,0,0,357,2.24,2.24,High
45439,1,0,1,60,0,0,0,60,0,418,1.67,0.48,High
45439,2,4,0,0,0,0,0,0,0,479,1.04,2.71,High
45439,3,2,1,46,0,0,0,46,0,618,0.65,2.1,High
45439,1,1,2,166,72,0,0,238,0,890,1.8,1.46,High
45439,0,1,0,0,0,0,0,0,0,114,2.63,2.63,Low
45439,4,18,0,0,0,0,0,0,0,525,1.14,0.19,High
45439,0,3,0,0,0,0,0,0,0,709,1.41,2.26,Low
45439,0,3,3,74,123,86,0,283,1,795,1.89,2.52,High
45439,0,1,0,0,0,0,0,0,0,601,1.83,0.67,High
45439,0,1,1,66,0,0,0,66,1,232,3.02,0.86,Low
45439,0,1,0,0,0,0,0,0,0,310,0.97,3.23,Low
45439,1,1,0,0,0,0,0,0,0,267,1.87,1.87,Low
45439,0,0,2,155,143,0,0,298,0,136,0,0,High
45439,0,2,0,0,0,0,0,0,0,1168,2.31,3,Low
45439,3,0,1,118,0,0,0,118,0,59,0,3.39,Low
45439,0,2,0,0,0,0,0,0,0,552,0.54,1.09,High
45439,1,0,1,86,0,0,0,86,0,495,0.2,2.83,High
45439,0,2,2,32,288,0,0,320,0,372,0.81,2.69,High
45439,5,1,0,0,0,0,0,0,0,150,2,2,High
45439,1,0,1,55,0,0,0,55,0,10,0,0,High
45439,8,0,0,0,0,0,0,0,0,548,2.55,0.55,High
29878,0,4,0,0,0,0,0,0,0,1009,2.08,1.59,High
29878,15,5,0,0,0,0,0,0,2,0,0,0,Low
29878,2,1,0,0,0,0,0,0,0,114,2.63,2.63,Low
29878,4,1,0,0,0,0,0,0,0,93,1.08,5.38,High
29878,15,0,1,33,0,0,0,33,0,195,1.03,5.13,Low
29878,1,0,3,739,340,414,0,1493,0,1053,1.23,1.9,High
29878,1,0,1,60,0,0,0,60,0,418,1.67,0.48,High
29878,1,1,2,195,258,0,0,453,0,409,1.22,4.4,Low
29878,0,0,0,0,0,0,0,0,0,127,1.57,0,Low
29878,2,1,1,66,0,0,0,66,1,232,3.02,0.86,High
29878,3,2,0,0,0,0,0,0,0,357,2.24,2.24,High
29878,0,0,0,0,0,0,0,0,0,109,0,1.83,Low
29878,1,3,1,67,0,0,0,67,0,798,0.88,3.01,Low
29878,2,4,0,0,0,0,0,0,0,479,1.04,2.71,High
29878,0,0,0,0,0,0,0,0,0,201,0,1.49,Low
29878,1,1,2,166,72,0,0,238,0,890,1.8,1.46,High
29878,1,1,0,0,0,0,0,0,0,267,1.87,1.87,High
29878,0,1,0,0,0,0,0,0,0,426,0.7,2.35,Low
29878,3,2,1,46,0,0,0,46,0,618,0.65,2.1,High
29878,0,1,0,0,0,0,0,0,0,310,0.97,3.23,Low
29878,0,2,0,0,0,0,0,0,0,1168,2.31,3,Low
29878,0,3,0,0,0,0,0,0,0,709,1.41,2.26,Low
29878,4,18,0,0,0,0,0,0,0,525,1.14,0.19,High
29878,0,1,1,135,0,0,0,135,0,388,1.8,2.06,High
29878,0,1,1,128,0,0,0,128,0,428,1.4,1.87,Low
19118,2,3,0,0,0,0,0,0,0,185,0.54,2.7,High
19118,3,3,1,106,0,0,0,106,0,518,0.58,1.74,High
19118,2,2,0,0,0,0,0,0,0,1080,1.2,0.56,High
19118,2,1,0,0,0,0,0,0,0,310,0.97,1.61,Low
19118,0,0,1,39,0,0,0,39,0,60,0,1.67,High
19118,1,1,0,0,0,0,0,0,1,819,1.83,2.69,High
19118,1,1,0,0,0,0,0,0,0,0,0,0,Low
19118,0,0,3,106,131,4695,0,4932,0,901,0.78,2.66,Low
19118,0,0,1,160,0,0,0,160,0,384,2.34,1.56,Low
19118,5,1,0,0,0,0,0,0,0,114,2.63,2.63,Low
19118,0,1,0,0,0,0,0,0,1,235,0.85,0,Low
19118,17,5,0,0,0,0,0,0,2,0,0,0,Low
19118,2,1,1,74,0,0,0,74,0,536,6.16,0.93,Low
19118,0,1,0,0,0,0,0,0,0,380,1.05,3.42,Low
19118,0,0,0,0,0,0,0,0,0,201,0,1.49,Low
19118,0,1,0,0,0,0,0,0,0,224,1.79,1.79,Low
19118,0,2,0,0,0,0,0,0,0,352,0.28,6.82,High
19118,0,1,0,0,0,0,0,0,0,301,0.33,1.33,Low
19118,1,1,1,94,0,0,0,94,0,367,0,1.09,Low
19118,0,2,0,0,0,0,0,0,0,559,2.68,0.72,High
19118,0,1,0,0,0,0,0,0,0,116,0,1.72,Low
19118,0,1,0,0,0,0,0,0,0,3090,2.23,0.94,Low
19118,0,2,0,0,0,0,0,0,0,1017,1.28,2.26,High
19118,4,1,0,0,0,0,0,0,0,93,1.08,5.38,High
19118,1,0,3,739,340,414,0,1493,0,1053,1.23,1.9,High
16097,20,1,0,0,0,0,0,0,1,235,0.85,0,Low
16097,3,3,0,0,0,0,0,0,0,185,0.54,2.7,Low
16097,0,0,1,39,0,0,0,39,0,60,0,1.67,High
16097,4,2,0,0,0,0,0,0,0,1080,1.2,0.56,High
16097,3,3,1,106,0,0,0,106,0,518,0.58,1.74,High
16097,0,3,0,0,0,0,0,0,0,291,1.37,1.03,Low
16097,4,1,0,0,0,0,0,0,0,310,0.97,1.61,High
16097,0,0,0,0,0,0,0,0,0,340,3.24,3.82,High
16097,0,1,1,18,0,0,0,18,0,304,0.33,1.97,High
16097,0,13,1,407,0,0,0,407,0,148,1.35,4.73,High
16097,3,1,0,0,0,0,0,0,0,0,0,0,High
16097,0,0,0,0,0,0,0,0,2,239,2.09,1.26,Low
16097,0,2,0,0,0,0,0,0,0,1017,1.28,2.26,High
16097,0,0,3,106,131,4695,0,4932,0,901,0.78,2.66,Low
16097,0,2,0,0,0,0,0,0,0,151,0.66,1.99,Low
16097,1,1,0,0,0,0,0,0,0,301,0.33,1.33,Low
16097,1,1,0,0,0,0,0,0,1,819,1.83,2.69,High
16097,0,2,2,45,96,0,0,141,0,72,1.39,1.39,Low
16097,0,1,0,0,0,0,0,0,1,441,0.91,1.59,Low
16097,0,0,3,68,68,288,0,424,0,545,1.28,4.04,Low
16097,0,1,0,0,0,0,0,0,0,116,0,1.72,Low
16097,1,1,0,0,0,0,0,0,0,380,1.05,3.42,Low
16097,0,7,0,0,0,0,0,0,0,194,3.61,3.09,Low
16097,5,1,0,0,0,0,0,0,0,114,2.63,2.63,Low
16097,0,1,0,0,0,0,0,0,0,224,1.79,1.79,Low
26314,7,0,1,0,85,0,0,85,0,205,0,0.49,High
26314,5,0,0,0,0,0,0,0,0,374,1.87,2.41,High
26314,0,1,0,0,0,0,0,0,0,791,3.41,3.54,High
26314,0,1,1,45,0,0,0,45,0,304,1.32,3.95,High
26314,2,0,0,0,0,0,0,0,2,239,2.09,1.26,Low
26314,0,1,0,0,0,0,0,0,0,183,0,1.64,High
26314,0,0,1,19,0,0,0,19,0,379,1.06,0,High
26314,22,1,0,0,0,0,0,0,1,235,0.85,0,Low
26314,0,0,3,130,131,121,0,382,0,711,3.23,1.27,High
26314,0,0,1,163,0,0,0,163,0,0,0,0,Low
26314,0,2,0,0,0,0,0,0,0,1373,1.82,1.31,Low
26314,0,1,0,0,0,0,0,0,0,236,1.27,2.12,Low
26314,0,5,0,0,0,0,0,0,0,951,0.74,3.15,High
26314,1,1,1,18,0,0,0,18,0,304,0.33,1.97,High
26314,0,1,0,0,0,0,0,0,0,311,0,0,Low
26314,0,2,2,96,96,0,0,192,0,780,0,3.08,Low
26314,4,3,0,0,0,0,0,0,0,185,0.54,2.7,Low
26314,1,2,0,0,0,0,0,0,0,423,2.13,2.6,Low
26314,0,1,1,56,0,0,0,56,0,687,1.89,1.46,Low
26314,0,1,0,0,0,0,0,0,1,311,0,0.96,Low
26314,0,0,1,39,0,0,0,39,0,60,0,1.67,High
26314,0,0,3,68,68,288,0,424,0,545,1.28,4.04,High
26314,0,1,0,0,0,0,0,0,0,757,1.19,0.53,Low
26314,0,1,0,0,0,0,0,0,0,508,2.36,2.76,Low
26314,0,1,0,0,0,0,0,0,0,375,1.33,1.87,Low
22229,1,1,3,134,120,1478,0,1732,0,449,0.67,3.12,High
22229,8,0,1,0,85,0,0,85,0,205,0,0.49,Low
22229,0,0,1,46,0,0,0,46,0,65,3.08,0,Low
22229,1,0,2,66,193,0,0,259,4,271,1.11,2.95,High
22229,0,1,1,12,0,0,0,12,2,984,1.32,0.71,High
22229,0,4,0,0,0,0,0,0,0,630,1.27,1.43,Low
22229,5,0,0,0,0,0,0,0,0,374,1.87,2.41,High
22229,0,1,0,0,0,0,0,0,0,168,0,5.95,Low
22229,0,3,0,0,0,0,0,0,0,284,0.35,2.11,High
22229,0,1,0,0,0,0,0,0,0,304,1.32,3.95,High
22229,0,0,1,83,0,0,0,83,0,227,0.88,3.08,Low
22229,0,1,0,0,0,0,0,0,0,425,0,1.65,Low
22229,0,1,0,0,0,0,0,0,0,791,3.41,3.54,High
22229,0,1,1,137,0,0,0,137,0,436,2.75,2.29,Low
22229,0,2,0,0,0,0,0,0,0,1373,1.82,1.31,High
22229,0,0,1,163,0,0,0,163,0,0,0,0,Low
22229,1,1,1,657,0,0,0,657,0,574,2.09,1.57,Low
22229,1,1,0,0,0,0,0,0,0,375,1.33,1.87,Low
22229,0,1,0,0,0,0,0,0,0,367,0.82,0.54,High
22229,1,0,1,19,0,0,0,19,0,379,1.06,0,High
22229,0,1,1,109,0,0,0,109,0,364,2.47,1.1,High
22229,0,1,0,0,0,0,0,0,0,288,1.74,2.43,Low
22229,0,0,3,175,59,31,0,265,1,665,0.9,1.2,Low
22229,0,1,0,0,0,0,0,0,3,378,3.44,5.29,Low
22229,2,0,0,0,0,0,0,0,2,239,2.09,1.26,Low
23567,4,1,0,0,0,0,0,0,0,295,0.68,0.68,Low
23567,0,5,1,82,0,0,0,82,0,0,0,0,High
23567,5,0,1,46,0,0,0,46,0,65,3.08,0,Low
23567,0,1,0,0,0,0,0,0,0,718,6.41,0.28,High
23567,0,1,0,0,0,0,0,0,0,651,1.54,2.15,High
23567,0,1,1,109,0,0,0,109,0,364,2.47,1.1,High
23567,1,1,1,677,0,0,0,677,0,928,1.51,2.26,High
23567,5,1,0,0,0,0,0,0,0,863,2.09,1.39,Low
23567,0,0,2,178,15,0,0,193,0,232,1.29,1.29,High
23567,0,2,1,83,0,0,0,83,0,588,1.87,3.4,High
23567,0,1,1,45,0,0,0,45,0,112,5.36,0,High
23567,2,1,3,134,120,1478,0,1732,0,449,0.67,3.12,High
23567,2,1,0,0,0,0,0,0,0,398,1.01,1.01,High
23567,0,1,0,0,0,0,0,0,0,135,1.48,2.96,High
23567,0,0,1,89,0,0,0,89,0,315,0.32,1.9,Low
23567,0,1,0,0,0,0,0,0,0,866,2.31,2.54,High
23567,1,1,0,68,0,0,0,68,0,358,0.28,0.56,High
23567,1,1,0,0,0,0,0,0,0,127,0.79,0.79,Low
23567,1,0,2,66,193,0,0,259,4,271,1.11,2.95,High
23567,0,1,0,0,0,0,0,0,0,301,1.33,2.33,Low
23567,8,0,1,0,85,0,0,85,0,205,0,0.49,Low
23567,0,5,0,0,0,0,0,0,0,1722,1.45,0.06,High
23567,0,1,1,12,0,0,0,12,2,984,1.32,0.71,High
23567,0,3,1,59,0,0,0,59,0,888,2.82,2.36,Low
23567,0,3,0,0,0,0,0,0,0,284,0.35,2.11,High
32844,2,1,1,45,0,0,0,45,0,112,5.36,0,High
32844,0,2,0,0,0,0,0,0,0,1028,2.14,1.46,Low
32844,0,0,1,89,0,0,0,89,0,315,0.32,1.9,High
32844,0,1,0,0,0,0,0,0,0,718,6.41,0.28,High
32844,4,5,1,82,0,0,0,82,0,0,0,0,High
32844,3,1,0,0,0,0,0,0,0,651,1.54,2.15,High
32844,5,1,0,0,0,0,0,0,0,295,0.68,0.68,Low
32844,2,2,1,83,0,0,0,83,0,588,1.87,3.4,High
32844,0,1,0,0,0,0,0,0,2,95,2.11,0,Low
32844,0,3,1,90,0,0,0,90,0,189,0.53,3.17,High
32844,5,0,1,46,0,0,0,46,0,65,3.08,0,Low
32844,0,1,0,0,0,0,0,0,0,433,2.31,1.39,Low
32844,1,0,2,178,15,0,0,193,0,232,1.29,1.29,High
32844,6,1,0,0,0,0,0,0,0,863,2.09,1.39,High
32844,2,2,1,719,0,0,0,719,0,673,1.04,1.19,High
32844,1,1,1,677,0,0,0,677,0,928,1.51,2.26,High
32844,0,1,1,109,0,0,0,109,0,364,2.47,1.1,High
32844,0,1,0,0,0,0,0,0,0,369,2.44,0.81,High
32844,1,1,0,0,0,0,0,0,0,113,0,0.88,Low
32844,1,3,1,137,0,0,0,137,0,616,0.65,1.95,Low
32844,2,1,0,0,0,0,0,0,0,398,1.01,1.01,High
32844,0,1,0,0,0,0,0,0,0,866,2.31,2.54,High
32844,2,1,3,134,120,1478,0,1732,0,449,0.67,3.12,High
32844,1,3,1,59,0,0,0,59,0,888,2.82,2.36,High
32844,0,1,0,0,0,0,0,0,0,135,1.48,2.96,High
36816,13,0,0,0,0,0,0,0,0,472,0.21,2.54,High
36816,9,1,1,74,0,0,0,74,0,112,3.57,2.68,Low
36816,1,2,0,0,0,0,0,0,0,950,0.84,1.47,High
36816,0,2,0,0,0,0,0,0,0,384,1.3,0.26,High
36816,1,6,0,0,0,0,0,0,0,1188,1.77,2.78,High
36816,0,0,0,0,0,0,0,0,0,745,2.15,0.67,High
36816,3,23,1,134,0,0,0,134,0,1030,1.75,0.39,High
36816,0,0,0,0,0,0,0,0,0,763,1.44,1.57,High
36816,0,4,0,0,0,0,0,0,1,700,2,1.29,High
36816,2,1,0,0,0,0,0,0,2,95,2.11,0,High
36816,1,1,1,62,0,0,0,62,0,216,1.39,2.78,Low
36816,1,4,1,259,0,0,0,259,0,389,2.83,1.54,Low
36816,0,1,1,391,0,0,0,391,0,398,0.75,1.26,High
36816,1,4,0,0,0,0,0,0,0,322,2.8,1.55,Low
36816,1,1,0,0,0,0,0,0,0,433,2.31,1.39,High
36816,0,1,0,0,0,0,0,0,0,0,0,0,High
36816,3,1,1,45,0,0,0,45,0,112,5.36,0,High
36816,1,0,1,89,0,0,0,89,0,315,0.32,1.9,High
36816,3,3,2,83,52,0,0,135,0,91,1.1,2.2,High
36816,3,1,0,0,0,0,0,0,0,651,1.54,2.15,High
36816,1,1,0,0,0,0,0,0,0,718,6.41,0.28,High
36816,1,0,1,51,0,0,0,51,0,267,3.37,1.5,Low
36816,0,1,0,0,0,0,0,0,0,410,2.44,1.46,High
36816,0,0,1,108,0,0,0,108,2,919,2.94,1.74,High
36816,5,5,1,82,0,0,0,82,0,0,0,0,High
23321,2,1,0,0,0,0,0,0,0,726,1.1,0.69,High
23321,22,0,0,0,0,0,0,0,0,472,0.21,2.54,High
23321,1,1,0,0,0,0,0,0,0,652,0.61,1.69,High
23321,1,2,0,0,0,0,0,0,0,384,1.3,0.26,High
23321,11,1,1,74,0,0,0,74,0,112,3.57,2.68,Low
23321,0,0,0,0,0,0,0,0,0,745,2.15,0.67,High
23321,1,1,0,0,0,0,0,0,0,229,5.68,2.18,Low
23321,1,2,0,0,0,0,0,0,0,950,0.84,1.47,High
23321,0,3,1,29,0,0,0,29,0,662,1.36,4.68,High
23321,3,23,1,134,0,0,0,134,0,1030,1.75,0.39,High
23321,2,6,0,0,0,0,0,0,0,1188,1.77,2.78,High
23321,0,4,0,0,0,0,0,0,0,1069,0.28,2.9,Low
23321,2,0,0,0,0,0,0,0,0,763,1.44,1.57,High
23321,0,1,1,391,0,0,0,391,0,398,0.75,1.26,High
23321,1,1,0,0,0,0,0,0,0,410,2.44,1.46,High
23321,0,0,1,55,0,0,0,55,1,567,3.17,0.53,Low
23321,0,1,0,0,0,0,0,0,0,638,4.86,0.16,High
23321,0,1,0,0,0,0,0,0,0,55,1.82,0,High
23321,0,1,1,190,0,0,0,190,0,449,2.45,3.12,Low
23321,1,3,0,0,0,0,0,0,0,208,0.96,3.85,High
23321,0,2,0,0,0,0,0,0,0,191,0.52,0.52,Low
23321,0,0,0,0,0,0,0,0,0,828,1.93,0.85,Low
23321,0,4,0,0,0,0,0,0,1,700,2,1.29,High
23321,0,14,1,44,0,0,0,44,0,450,2.22,1.56,Low
23321,0,1,0,0,0,0,0,0,0,321,0,0.93,Low
23407,3,1,2,88,73,0,0,161,2,281,4.27,0.71,Low
23407,0,1,0,0,0,0,0,0,0,474,1.9,2.74,High
23407,9,0,1,55,0,0,0,55,1,567,3.17,0.53,Low
23407,13,1,0,0,0,0,0,0,0,652,0.61,1.69,Low
23407,1,0,0,0,0,0,0,0,0,306,0,0,High
23407,0,4,0,1,246,0,0,247,0,2570,1.09,0.93,High
23407,0,3,1,29,0,0,0,29,0,662,1.36,4.68,High
23407,1,0,1,94,0,0,0,94,0,24,0,0,Low
23407,1,4,1,54,0,0,0,54,0,194,0,1.55,High
23407,3,1,0,0,0,0,0,0,0,726,1.1,0.69,High
23407,0,6,1,160,0,0,0,160,0,992,2.52,5.65,Low
23407,0,1,0,0,0,0,0,0,0,278,0.36,4.32,Low
23407,1,1,2,105,130,0,0,235,0,1296,2.08,1,High
23407,0,1,0,0,0,0,0,0,0,511,2.94,1.96,High
23407,0,4,0,0,0,0,0,0,0,1069,0.28,2.9,High
23407,0,1,0,0,0,0,0,0,1,409,3.91,3.18,High
23407,0,0,1,103,0,0,0,103,0,350,0.29,1.14,Low
23407,0,1,0,0,0,0,0,0,0,403,0.99,3.23,Low
23407,0,1,0,0,0,0,0,0,0,656,1.68,2.29,High
23407,24,0,0,0,0,0,0,0,0,472,0.21,2.54,High
23407,0,1,0,0,0,0,0,0,0,1566,1.28,1.85,High
23407,0,14,1,44,0,0,0,44,0,450,2.22,1.56,Low
23407,0,1,1,163,0,0,0,163,0,682,1.61,1.03,High
23407,0,1,0,0,0,0,0,0,0,321,0,0.93,High
23407,0,1,1,682,0,0,0,682,0,881,1.14,1.02,Low
22194,3,4,0,1,246,0,0,247,0,2570,1.09,0.93,High
22194,1,1,0,0,0,0,0,0,0,1566,1.28,1.85,High
22194,3,1,2,88,73,0,0,161,2,281,4.27,0.71,Low
22194,0,2,1,84,0,0,0,84,0,468,4.49,1.28,High
22194,0,2,1,61,0,0,0,61,0,812,1.48,1.35,High
22194,0,1,0,0,0,0,0,0,0,474,1.9,2.74,High
22194,3,0,1,94,0,0,0,94,0,24,0,0,High
22194,0,2,1,213,0,0,0,213,0,356,1.12,1.97,High
22194,1,0,1,112,0,0,0,112,0,1034,0.19,2.8,High
22194,9,0,1,55,0,0,0,55,1,567,3.17,0.53,Low
22194,0,1,0,0,0,0,0,0,0,403,0.99,3.23,High
22194,0,1,0,0,0,0,0,0,0,511,2.94,1.96,High
22194,0,1,1,159,0,0,0,159,0,494,0.2,5.67,High
22194,0,0,1,103,0,0,0,103,0,350,0.29,1.14,High
22194,13,1,0,0,0,0,0,0,0,652,0.61,1.69,Low
22194,0,3,1,78,0,0,0,78,0,513,2.14,3.31,High
22194,1,1,0,0,0,0,0,0,0,987,1.11,2.13,High
22194,1,0,0,0,0,0,0,0,0,306,0,0,High
22194,0,10,1,2554,0,0,0,2554,0,543,0.74,1.66,Low
22194,0,1,0,0,0,0,0,0,0,902,0.89,3.22,Low
22194,0,3,1,29,0,0,0,29,0,662,1.36,4.68,High
22194,0,1,0,0,0,0,0,0,0,512,2.34,4.3,Low
22194,0,6,1,160,0,0,0,160,0,992,2.52,5.65,High
22194,1,4,1,54,0,0,0,54,0,194,0,1.55,High
22194,1,1,0,0,0,0,0,0,0,278,0.36,4.32,Low
38228,6,0,0,0,0,0,0,0,0,771,1.82,1.3,High
38228,1,1,0,0,0,0,0,0,0,580,2.59,4.48,High
38228,14,5,1,143,0,0,0,143,0,0,0,0,High
38228,7,2,1,84,0,0,0,84,0,468,4.49,1.28,Low
38228,2,1,0,0,0,0,0,0,0,313,1.28,4.79,High
38228,0,1,0,0,0,0,0,0,0,311,4.5,1.93,High
38228,0,1,1,86,0,0,0,86,0,555,0.54,3.42,High
38228,2,1,1,44,0,0,0,44,0,283,0.35,0.35,High
38228,2,1,0,0,0,0,0,0,0,415,2.17,0,High
38228,2,3,1,78,0,0,0,78,0,513,2.14,3.31,High
38228,1,1,0,0,0,0,0,0,0,219,0,2.74,High
38228,2,1,0,0,0,0,0,0,0,260,3.08,0.38,Low
38228,1,1,0,0,0,0,0,0,0,483,2.9,3.11,Low
38228,1,1,1,159,0,0,0,159,0,494,0.2,5.67,High
38228,3,4,0,1,246,0,0,247,0,2570,1.09,0.93,Low
38228,0,1,0,0,0,0,0,0,0,398,1.01,0.5,Low
38228,1,1,0,0,0,0,0,0,0,1566,1.28,1.85,High
38228,0,1,1,143,0,0,0,143,0,437,2.06,1.83,Low
38228,0,2,0,0,0,0,0,0,0,316,0,6.01,High
38228,3,1,2,88,73,0,0,161,2,281,4.27,0.71,Low
38228,0,0,1,234,0,0,0,234,0,564,0.89,1.42,High
38228,0,2,1,61,0,0,0,61,0,812,1.48,1.35,High
38228,1,1,0,0,0,0,0,0,0,404,1.98,2.48,Low
38228,1,10,1,2554,0,0,0,2554,0,543,0.74,1.66,Low
38228,0,3,0,0,0,0,0,0,0,676,2.07,2.37,Low
27088,3,1,0,0,0,0,0,0,0,580,2.59,4.48,Low
27088,0,1,1,94,0,0,0,94,0,444,2.7,2.25,High
27088,11,0,0,0,0,0,0,0,0,771,1.82,1.3,Low
27088,2,1,0,0,0,0,0,0,0,311,4.5,1.93,High
27088,1,1,1,622,0,0,0,622,0,609,2.13,2.13,High
27088,0,2,0,0,0,0,0,0,0,553,1.27,1.08,High
27088,0,1,1,58,0,0,0,58,0,364,4.4,0.55,Low
27088,1,2,0,0,0,0,0,0,0,432,2.31,4.63,High
27088,17,5,1,143,0,0,0,143,0,0,0,0,High
27088,4,1,0,0,0,0,0,0,0,313,1.28,4.79,High
27088,7,2,1,84,0,0,0,84,0,468,4.49,1.28,Low
27088,0,0,1,64,0,0,0,64,0,331,1.21,1.51,High
27088,0,1,0,0,0,0,0,0,0,36,0,5.56,Low
27088,0,1,1,86,0,0,0,86,0,555,0.54,3.42,High
27088,2,1,1,44,0,0,0,44,0,283,0.35,0.35,High
27088,0,9,0,0,0,0,0,0,0,972,2.78,1.23,Low
27088,1,1,0,0,0,0,0,0,0,131,3.82,3.05,Low
27088,0,2,1,677,0,0,0,677,0,838,1.31,2.86,High
27088,2,1,0,0,0,0,0,0,0,415,2.17,0,High
27088,0,10,1,341,0,0,0,341,0,968,1.45,0.31,High
27088,3,1,0,0,0,0,0,0,0,260,3.08,0.38,Low
27088,3,3,1,78,0,0,0,78,0,513,2.14,3.31,High
27088,0,1,0,0,0,0,0,0,0,398,1.01,0.5,High
27088,2,0,1,67,0,0,0,67,0,324,1.54,2.16,High
27088,0,1,0,0,0,0,0,0,0,393,0.51,1.78,Low
36844,0,1,0,0,0,0,0,0,0,581,2.07,2.93,High
36844,8,0,1,106,0,0,0,106,0,356,0.84,1.97,Low
36844,0,1,1,94,0,0,0,94,0,444,2.7,2.25,High
36844,0,2,0,0,0,0,0,0,0,658,2.74,0.61,High
36844,3,2,0,0,0,0,0,0,0,432,2.31,4.63,High
36844,2,3,1,82,0,0,0,82,0,0,0,0,High
36844,0,1,0,0,0,0,0,0,0,267,0.75,1.12,High
36844,1,1,1,58,0,0,0,58,0,364,4.4,0.55,High
36844,2,2,0,0,0,0,0,0,0,553,1.27,1.08,High
36844,0,0,2,286,96,0,0,382,0,503,2.19,0.6,High
36844,0,1,0,0,0,0,0,0,0,801,1.5,1.62,Low
36844,1,1,1,622,0,0,0,622,0,609,2.13,2.13,High
36844,0,1,0,0,0,0,0,0,1,0,0,0,Low
36844,1,1,0,0,0,0,0,0,0,697,2.01,0.72,Low
36844,1,2,0,0,0,0,0,0,2,736,2.04,1.09,Low
36844,3,1,0,0,0,0,0,0,0,580,2.59,4.48,Low
36844,1,2,1,677,0,0,0,677,0,838,1.31,2.86,High
36844,2,2,0,0,0,0,0,0,0,775,1.03,4,High
36844,1,0,1,64,0,0,0,64,0,331,1.21,1.51,High
36844,0,6,1,693,0,0,0,693,0,996,1.41,2.41,High
36844,1,1,0,0,0,0,0,0,0,208,1.44,1.44,Low
36844,0,1,0,0,0,0,0,0,2,438,3.2,2.28,Low
36844,0,0,1,66,0,0,0,66,0,539,0.74,2.97,High
36844,0,0,1,58,0,0,0,58,3,302,3.64,3.64,Low
36844,1,1,0,0,0,0,0,0,0,263,0.76,1.14,High
32196,1,1,0,0,0,0,0,0,0,88,0,5.68,High
32196,1,1,0,0,0,0,0,0,0,581,2.07,2.93,Low
32196,0,1,0,0,0,0,0,0,0,336,1.19,1.79,High
32196,8,0,1,106,0,0,0,106,0,356,0.84,1.97,Low
32196,0,1,0,0,0,0,0,0,0,208,2.4,0.96,High
32196,4,3,1,82,0,0,0,82,0,0,0,0,High
32196,0,1,0,0,0,0,0,0,0,357,1.12,0.28,High
32196,1,1,0,0,0,0,0,0,0,697,2.01,0.72,High
32196,0,0,1,46,0,0,0,46,0,213,0,2.35,High
32196,0,2,0,0,0,0,0,0,0,658,2.74,0.61,High
32196,0,1,1,94,0,0,0,94,0,444,2.7,2.25,High
32196,2,1,0,0,0,0,0,0,0,267,0.75,1.12,High
32196,3,2,0,0,0,0,0,0,0,432,2.31,4.63,High
32196,0,1,1,137,0,0,0,137,0,413,1.69,4.12,High
32196,2,0,2,286,96,0,0,382,0,503,2.19,0.6,High
32196,0,1,0,0,0,0,0,0,0,222,3.6,1.35,Low
32196,0,1,0,0,0,0,0,0,0,801,1.5,1.62,Low
32196,2,1,1,58,0,0,0,58,0,364,4.4,0.55,High
32196,0,1,0,0,0,0,0,0,0,501,4.19,2,Low
32196,0,0,2,101,578,0,0,679,0,306,3.27,0.65,Low
32196,1,0,0,0,0,0,0,0,0,761,3.02,0.79,High
32196,0,1,0,0,0,0,0,0,0,438,1.14,2.28,Low
32196,0,1,0,0,0,0,0,0,0,269,0.37,3.72,Low
32196,0,1,0,0,0,0,0,0,0,425,2.59,1.88,Low
32196,2,2,0,0,0,0,0,0,0,553,1.27,1.08,High
24125,3,2,0,0,0,0,0,0,0,319,1.88,2.82,High
24125,3,1,0,0,0,0,0,0,0,222,3.6,1.35,Low
24125,0,1,1,487,0,0,0,487,0,922,1.41,4.99,High
24125,3,0,2,101,578,0,0,679,0,306,3.27,0.65,High
24125,0,0,3,354,62,4484,0,4900,2,595,1.34,0.5,High
24125,1,1,0,0,0,0,0,0,0,208,2.4,0.96,High
24125,1,0,1,659,0,0,0,659,0,285,0,3.16,High
24125,2,1,0,0,0,0,0,0,0,55,0,0,Low
24125,1,2,0,0,0,0,0,0,0,1234,0.65,1.86,Low
24125,2,1,0,0,0,0,0,0,0,88,0,5.68,High
24125,1,1,0,0,0,0,0,0,0,425,2.59,1.88,High
24125,0,2,1,23,0,0,0,23,1,416,0.48,1.2,Low
24125,0,3,1,59,0,0,0,59,0,817,0.61,2.82,Low
24125,0,8,1,154,0,0,0,154,1,600,1.67,2.17,Low
24125,0,0,1,106,0,0,0,106,0,235,1.28,2.98,Low
24125,0,0,0,0,0,0,0,0,0,120,0,6.67,High
24125,1,1,0,0,0,0,0,0,0,581,2.07,2.93,Low
24125,1,20,0,0,0,0,0,0,0,61,8.2,0,High
24125,1,1,1,36,0,0,0,36,0,235,0.43,1.7,High
24125,0,3,0,0,0,0,0,0,0,397,2.27,1.76,Low
24125,0,1,0,0,0,0,0,0,0,501,4.19,2,Low
24125,1,0,1,41,0,0,0,41,0,490,0.82,0.2,High
24125,0,0,0,0,0,0,0,0,0,14,0,14.29,Low
24125,0,0,1,117,0,0,0,117,0,375,0.8,0.27,Low
24125,8,0,1,106,0,0,0,106,0,356,0.84,1.97,Low
21929,6,0,3,354,62,4484,0,4900,2,595,1.34,0.5,Low
21929,0,0,1,125,0,0,0,125,0,39,0,0,High
21929,1,1,0,0,0,0,0,0,0,207,0.48,2.42,High
21929,5,2,0,0,0,0,0,0,0,319,1.88,2.82,High
21929,0,1,1,487,0,0,0,487,0,922,1.41,4.99,High
21929,0,5,2,66,54,0,0,120,3,975,0.82,1.85,High
21929,3,1,0,0,0,0,0,0,0,222,3.6,1.35,Low
21929,1,0,1,659,0,0,0,659,0,285,0,3.16,High
21929,2,1,0,0,0,0,0,0,0,55,0,0,Low
21929,3,0,2,101,578,0,0,679,0,306,3.27,0.65,High
21929,0,1,0,0,0,0,0,0,1,1064,1.41,0.66,High
21929,0,0,1,50,0,0,0,50,1,535,0.93,3.74,Low
21929,2,3,0,0,0,0,0,0,0,397,2.27,1.76,Low
21929,0,1,0,0,0,0,0,0,0,499,0.2,1.2,Low
21929,0,0,2,63,128,0,0,191,0,605,0.83,1.98,Low
21929,1,1,0,0,0,0,0,0,0,208,2.4,0.96,High
21929,0,2,1,23,0,0,0,23,1,416,0.48,1.2,High
21929,1,1,0,0,0,0,0,0,0,360,0.56,1.11,High
21929,1,1,0,0,0,0,0,0,0,1018,0.69,0.69,Low
21929,0,0,1,106,0,0,0,106,0,235,1.28,2.98,Low
21929,0,18,0,0,0,0,0,0,0,147,3.4,0,Low
21929,0,1,0,0,0,0,0,0,0,61,3.28,0,Low
21929,0,1,0,0,0,0,0,0,0,606,1.16,0.99,High
21929,0,1,0,0,0,0,0,0,0,281,0,1.07,Low
21929,1,2,0,0,0,0,0,0,0,1234,0.65,1.86,Low
31580,4,0,1,110,0,0,0,110,0,351,1.14,3.7,High
31580,12,0,1,92,0,0,0,92,0,171,1.75,4.09,High
31580,1,1,0,0,0,0,0,0,0,176,2.84,3.41,High
31580,3,1,0,0,0,0,0,0,0,400,1,1.25,High
31580,1,0,1,111,0,0,0,111,0,252,0.4,4.76,High
31580,3,1,0,0,0,0,0,0,0,207,0.48,2.42,High
31580,2,0,1,125,0,0,0,125,0,39,0,0,High
31580,0,1,0,0,0,0,0,0,0,586,1.19,1.71,High
31580,0,1,0,0,0,0,0,0,0,563,1.42,4.26,High
31580,0,0,1,48,0,0,0,48,1,129,0,4.65,High
31580,0,1,1,345,0,0,0,345,0,250,0.8,0.8,Low
31580,0,0,0,0,0,0,0,0,0,160,0,0,High
31580,6,0,3,354,62,4484,0,4900,2,595,1.34,0.5,Low
31580,2,1,0,0,0,0,0,0,0,1018,0.69,0.69,Low
31580,0,1,0,0,0,0,0,0,0,195,4.62,0.51,Low
31580,0,1,0,0,0,0,0,0,0,542,0.92,3.32,Low
31580,0,1,0,0,0,0,0,0,0,499,0.2,1.2,High
31580,0,1,0,0,0,0,0,0,0,281,0,1.07,High
31580,0,5,2,66,54,0,0,120,3,975,0.82,1.85,High
31580,0,1,0,0,0,0,0,0,0,147,4.08,0.68,Low
31580,0,1,1,84,0,0,0,84,0,301,1.33,0.33,Low
31580,0,4,0,0,0,0,0,0,0,25,4,4,Low
31580,0,2,0,0,0,0,0,0,0,333,0.3,0.9,Low
31580,0,0,0,0,0,0,0,0,0,284,1.76,1.41,Low
31580,5,2,0,0,0,0,0,0,0,319,1.88,2.82,High
34898,0,1,1,217,0,0,0,217,0,675,2.22,3.26,Low
34898,4,1,0,0,0,0,0,0,0,176,2.84,3.41,High
34898,0,1,0,0,0,0,0,0,1,477,1.89,1.47,Low
34898,11,0,1,110,0,0,0,110,0,351,1.14,3.7,Low
34898,13,0,1,92,0,0,0,92,0,171,1.75,4.09,Low
34898,1,0,1,111,0,0,0,111,0,252,0.4,4.76,High
34898,1,0,0,0,0,0,0,0,0,160,0,0,High
34898,3,1,0,0,0,0,0,0,0,400,1,1.25,High
34898,0,0,1,189,0,0,0,189,0,428,0.93,2.1,High
34898,0,1,0,0,0,0,0,0,0,586,1.19,1.71,High
34898,3,1,0,0,0,0,0,0,0,207,0.48,2.42,High
34898,1,1,0,0,0,0,0,0,0,134,0,0.75,Low
34898,2,0,1,125,0,0,0,125,0,39,0,0,High
34898,0,1,0,0,0,0,0,0,0,195,4.62,0.51,Low
34898,0,1,0,0,0,0,0,0,0,482,2.7,0.62,High
34898,1,0,1,86,0,0,0,86,1,336,0,5.06,Low
34898,0,2,1,49,0,0,0,49,0,220,2.27,0.91,Low
34898,0,2,1,30,0,0,0,30,0,583,1.03,2.92,High
34898,0,1,0,0,0,0,0,0,0,256,1.56,1.95,High
34898,0,2,0,0,0,0,0,0,0,408,3.43,0.74,Low
34898,0,0,1,48,0,0,0,48,1,129,0,4.65,High
34898,0,0,0,0,0,0,0,0,0,18,0,0,Low
34898,0,1,1,345,0,0,0,345,0,250,0.8,0.8,Low
34898,0,1,0,0,0,0,0,0,1,175,0.57,0.57,Low
34898,0,4,1,0,0,0,0,0,0,455,2.86,1.54,Low
34722,3,1,0,0,0,0,0,0,0,246,0,1.22,High
34722,1,3,3,739,231,414,340,1724,0,975,1.74,1.85,High
34722,16,1,0,0,0,0,0,0,1,477,1.89,1.47,Low
34722,2,1,0,0,0,0,0,0,0,185,3.78,2.16,High
34722,0,2,1,347,0,0,0,347,0,734,1.63,4.36,High
34722,1,1,0,0,0,0,0,0,0,283,0.71,0,High
34722,0,2,1,79,0,0,0,79,0,248,0.81,1.61,High
34722,1,1,1,217,0,0,0,217,0,675,2.22,3.26,Low
34722,0,1,0,0,0,0,0,0,0,260,0.77,2.69,High
34722,0,0,1,307,0,0,0,307,0,110,0,1.82,Low
34722,0,2,0,0,0,0,0,0,0,513,2.73,4.87,High
34722,1,2,1,70,0,0,0,70,0,255,1.18,2.35,Low
34722,5,1,0,0,0,0,0,0,0,176,2.84,3.41,High
34722,1,1,0,0,0,0,0,0,0,256,1.56,1.95,High
34722,0,1,0,0,0,0,0,0,0,514,0.97,0.39,High
34722,0,2,0,0,0,0,0,0,0,431,0.46,3.48,Low
34722,0,1,1,113,0,0,0,113,0,249,2.01,0.4,High
34722,11,0,1,110,0,0,0,110,0,351,1.14,3.7,Low
34722,0,1,1,79,0,0,0,79,0,231,2.6,0.87,Low
34722,0,0,1,83,0,0,0,83,0,228,1.75,2.19,Low
34722,0,0,3,161,95,95,0,351,0,514,2.14,2.14,Low
34722,0,1,0,0,0,0,0,0,0,420,0.48,3.1,Low
34722,1,5,0,0,0,0,0,0,0,587,0.85,0.34,Low
34722,1,2,1,49,0,0,0,49,0,220,2.27,0.91,High
34722,0,2,0,0,0,0,0,0,0,408,3.43,0.74,Low
35754,2,2,0,0,0,0,0,0,0,699,0.57,1.14,High
35754,3,2,1,347,0,0,0,347,0,734,1.63,4.36,Low
35754,6,1,0,0,0,0,0,0,0,246,0,1.22,Low
35754,2,3,3,739,231,414,340,1724,0,975,1.74,1.85,High
35754,0,1,0,0,0,0,0,0,0,34,0,0,High
35754,0,2,0,0,0,0,0,0,0,431,0.46,3.48,High
35754,4,1,0,0,0,0,0,0,0,185,3.78,2.16,High
35754,1,0,1,97,0,0,0,97,0,201,0.5,1.99,High
35754,3,2,1,79,0,0,0,79,0,248,0.81,1.61,High
35754,16,1,0,0,0,0,0,0,1,477,1.89,1.47,Low
35754,0,1,0,0,0,0,0,0,0,698,2.15,1.58,High
35754,0,1,0,0,0,0,0,0,0,228,0.44,4.82,Low
35754,1,0,0,0,0,0,0,0,0,867,0.58,1.04,High
35754,1,2,0,0,0,0,0,0,0,341,2.93,0.29,High
35754,0,1,1,79,0,0,0,79,0,231,2.6,0.87,High
35754,0,2,0,0,0,0,0,0,0,337,5.34,1.78,Low
35754,0,0,1,693,0,0,0,693,0,229,0.44,0.87,High
35754,1,1,0,0,0,0,0,0,0,283,0.71,0,High
35754,0,1,0,0,0,0,0,0,0,103,0.97,0,Low
35754,0,1,0,0,0,0,0,0,0,260,0.77,2.69,High
35754,2,2,1,70,0,0,0,70,0,255,1.18,2.35,Low
35754,0,1,0,0,0,0,0,0,0,709,1.27,1.83,Low
35754,0,1,0,0,0,0,0,0,0,514,0.97,0.39,High
35754,1,1,1,217,0,0,0,217,0,675,2.22,3.26,Low
35754,0,0,1,307,0,0,0,307,0,110,0,1.82,Low
31040,11,5,1,229,0,0,0,229,0,1688,1.42,0.89,High
31040,1,2,0,0,0,0,0,0,0,952,1.16,4.1,High
31040,14,2,0,0,0,0,0,0,0,699,0.57,1.14,Low
31040,1,3,1,289,0,0,0,289,0,546,2.38,2.38,Low
31040,0,2,0,0,0,0,0,0,0,452,0.22,1.11,High
31040,0,1,0,0,0,0,0,0,0,434,1.61,3.23,Low
31040,0,1,0,0,0,0,0,0,0,34,0,0,High
31040,1,1,0,0,0,0,0,0,0,222,0,3.6,Low
31040,1,0,2,182,114,0,0,296,0,668,1.95,1.05,High
31040,0,10,0,0,0,0,0,0,0,831,1.08,0.84,Low
31040,0,0,0,0,0,0,0,0,0,123,4.07,1.63,High
31040,0,0,0,0,0,0,0,0,0,440,0.68,2.05,High
31040,0,1,0,0,0,0,0,0,0,150,0.67,4,Low
31040,0,1,1,110,0,0,0,110,3,269,3.72,2.23,High
31040,4,1,0,0,0,0,0,0,0,590,1.36,2.2,High
31040,3,2,1,347,0,0,0,347,0,734,1.63,4.36,Low
31040,0,1,0,0,0,0,0,0,0,329,2.13,0.91,Low
31040,0,1,0,0,0,0,0,0,0,195,0.51,1.54,Low
31040,1,1,0,0,0,0,0,0,0,28,0,3.57,High
31040,0,6,0,0,0,0,0,0,0,545,1.47,0.92,Low
31040,1,1,1,108,0,0,0,108,0,87,0,0,High
31040,7,1,0,0,0,0,0,0,0,246,0,1.22,Low
31040,0,0,0,0,0,0,0,0,0,60,1.67,0,Low
31040,1,1,1,42,0,0,0,42,0,552,1.09,1.63,Low
31040,1,1,0,0,0,0,0,0,0,386,0.26,1.81,High
34343,1,1,0,0,0,0,0,0,0,445,2.25,1.57,High
34343,4,1,1,68,0,0,0,68,0,402,1.99,1.99,High
34343,8,2,0,0,0,0,0,0,0,452,0.22,1.11,High
34343,3,3,1,289,0,0,0,289,0,546,2.38,2.38,High
34343,0,1,1,110,0,0,0,110,3,269,3.72,2.23,High
34343,11,5,1,229,0,0,0,229,0,1688,1.42,0.89,High
34343,3,2,0,0,0,0,0,0,0,952,1.16,4.1,High
34343,0,1,0,0,0,0,0,0,0,442,1.36,0.68,Low
34343,0,1,1,72,0,0,0,72,0,386,0.26,4.15,Low
34343,1,1,0,0,0,0,0,0,0,195,0.51,1.54,High
34343,14,2,0,0,0,0,0,0,0,699,0.57,1.14,Low
34343,2,0,2,182,114,0,0,296,0,668,1.95,1.05,High
34343,1,8,0,0,0,0,0,0,0,869,2.42,2.88,Low
34343,0,1,0,0,0,0,0,0,0,434,1.61,3.23,Low
34343,0,0,1,127,0,0,0,127,0,308,2.27,3.25,Low
34343,1,1,0,0,0,0,0,0,0,222,0,3.6,Low
34343,0,0,1,646,0,0,0,646,0,228,0.44,0.44,Low
34343,1,2,0,0,0,0,0,0,0,322,2.48,0.93,High
34343,0,0,0,0,0,0,0,0,0,401,3.24,0.5,Low
34343,0,10,0,0,0,0,0,0,0,831,1.08,0.84,Low
34343,0,1,0,0,0,0,0,0,0,297,1.35,2.36,High
34343,0,1,0,0,0,0,0,0,0,150,0.67,4,Low
34343,0,0,0,0,0,0,0,0,0,123,4.07,1.63,High
34343,0,1,0,0,0,0,0,0,0,34,0,0,High
34343,1,1,0,0,0,0,0,0,0,329,2.13,0.91,High
41017,1,5,1,68,0,0,0,68,1,1125,1.96,1.33,High
41017,3,1,0,0,0,0,0,0,0,638,1.41,4.08,Low
41017,3,1,0,0,0,0,0,0,0,606,1.65,3.3,High
41017,4,0,3,167,147,648,0,962,0,470,1.49,0.85,High
41017,2,0,1,28,0,0,0,28,0,128,0.78,1.56,High
41017,8,1,1,86,0,0,0,86,0,416,1.2,3.12,High
41017,1,0,0,0,0,0,0,0,0,120,0.83,4.17,High
41017,1,1,0,0,0,0,0,0,0,143,1.4,2.8,Low
41017,1,1,0,0,0,0,0,0,0,562,2.49,1.6,Low
41017,1,2,1,743,0,0,0,743,0,852,1.17,1.76,High
41017,2,1,1,72,0,0,0,72,0,386,0.26,4.15,High
41017,4,1,1,68,0,0,0,68,0,402,1.99,1.99,Low
41017,0,2,0,0,0,0,0,0,0,196,1.53,1.53,High
41017,0,3,1,216,0,0,0,216,0,1774,1.18,2.31,High
41017,1,2,4,163,213,209,114,699,0,660,0.3,1.82,High
41017,0,11,1,76,0,0,0,76,0,1405,0.93,0.78,Low
41017,0,0,0,0,0,0,0,0,0,17,0,0,High
41017,1,2,0,0,0,0,0,0,1,370,2.7,1.62,High
41017,5,3,1,289,0,0,0,289,0,546,2.38,2.38,Low
41017,1,0,0,0,0,0,0,0,0,401,3.24,0.5,High
41017,0,1,1,328,0,0,0,328,0,1086,1.93,4.24,Low
41017,0,1,0,0,0,0,0,0,0,181,3.31,2.21,High
41017,0,1,0,0,0,0,0,0,0,271,0.74,1.48,Low
41017,1,1,0,0,0,0,0,0,0,65,0,0,Low
41017,0,3,0,0,0,0,0,0,0,157,1.27,0.64,Low
19786,1,1,0,0,0,0,0,0,0,525,0.95,1.14,High
19786,3,1,0,0,0,0,0,0,0,181,3.31,2.21,High
19786,2,5,1,68,0,0,0,68,1,1125,1.96,1.33,Low
19786,2,1,0,0,0,0,0,0,0,669,1.64,1.94,High
19786,0,0,1,38,0,0,0,38,0,328,1.83,0.91,High
19786,5,1,0,0,0,0,0,0,0,638,1.41,4.08,Low
19786,0,1,0,0,0,0,0,0,0,505,0.59,0.79,High
19786,4,1,0,0,0,0,0,0,0,606,1.65,3.3,High
19786,4,0,3,167,147,648,0,962,0,470,1.49,0.85,High
19786,2,0,1,28,0,0,0,28,0,128,0.78,1.56,High
19786,0,2,0,0,0,0,0,0,0,196,1.53,1.53,High
19786,8,1,1,86,0,0,0,86,0,416,1.2,3.12,High
19786,1,2,1,743,0,0,0,743,0,852,1.17,1.76,High
19786,0,11,1,76,0,0,0,76,0,1405,0.93,0.78,High
19786,1,0,0,0,0,0,0,0,0,120,0.83,4.17,High
19786,0,1,0,0,0,0,0,0,0,219,1.83,1.37,High
19786,1,3,0,0,0,0,0,0,0,157,1.27,0.64,High
19786,1,1,1,669,0,0,0,669,0,988,2.13,1.42,Low
19786,0,1,0,0,0,0,0,0,0,130,0.77,6.92,High
19786,0,3,0,0,0,0,0,0,0,156,0.64,1.92,Low
19786,1,1,0,0,0,0,0,0,0,143,1.4,2.8,Low
19786,1,1,0,0,0,0,0,0,0,562,2.49,1.6,Low
19786,0,0,1,120,0,0,0,120,0,337,1.19,2.67,High
19786,1,1,0,0,0,0,0,0,0,642,3.12,1.56,High
19786,1,1,1,328,0,0,0,328,0,1086,1.93,4.24,High
35744,1,1,0,0,0,0,0,0,0,209,3.35,2.39,High
35744,1,0,0,0,0,0,0,0,0,11,0,0,High
35744,1,1,0,0,0,0,0,0,1,400,2.25,2,Low
35744,8,1,0,0,0,0,0,0,0,505,0.59,0.79,High
35744,0,1,0,0,0,0,0,0,0,482,2.49,0.83,High
35744,1,2,1,116,0,0,0,116,0,357,0.56,7.84,Low
35744,0,0,0,0,0,0,0,0,0,823,1.46,2.19,High
35744,0,6,1,255,0,0,0,255,0,594,2.53,2.02,Low
35744,3,1,0,0,0,0,0,0,0,525,0.95,1.14,High
35744,0,1,0,0,0,0,0,0,0,533,4.13,2.06,Low
35744,1,0,3,198,120,387,0,705,0,295,1.69,3.39,Low
35744,0,0,1,38,0,0,0,38,0,328,1.83,0.91,High
35744,0,1,0,0,0,0,0,0,0,28,0,3.57,High
35744,1,1,0,0,0,0,0,0,0,341,4.11,0.88,High
35744,0,17,0,0,0,0,0,0,0,344,0.58,2.91,Low
35744,3,1,0,0,0,0,0,0,0,181,3.31,2.21,High
35744,0,3,0,0,0,0,0,0,0,435,4.83,0.92,Low
35744,0,2,0,0,0,0,0,0,0,233,1.72,1.72,Low
35744,1,1,1,278,0,0,0,278,0,241,1.66,0,High
35744,0,1,1,197,0,0,0,197,0,417,2.64,1.68,Low
35744,0,1,0,0,0,0,0,0,0,694,1.87,2.88,Low
35744,2,1,0,0,0,0,0,0,0,669,1.64,1.94,High
35744,1,2,1,67,0,0,0,67,0,403,1.49,1.24,Low
35744,0,1,1,65,0,0,0,65,1,657,0.76,0.46,High
35744,0,0,0,0,0,0,0,0,0,395,1.01,2.53,Low
31574,4,9,5,53,44,40,76,213,3,2655,0.9,2.18,High
31574,5,3,0,0,0,0,0,0,0,435,4.83,0.92,Low
31574,3,6,1,255,0,0,0,255,0,594,2.53,2.02,High
31574,0,1,0,0,0,0,0,0,3,672,1.93,0.15,High
31574,0,3,1,555,0,0,0,555,0,637,1.57,0.78,High
31574,3,0,0,0,0,0,0,0,0,11,0,0,High
31574,0,1,0,0,0,0,0,0,0,482,2.49,0.83,High
31574,1,1,0,0,0,0,0,0,0,209,3.35,2.39,Low
31574,1,1,0,0,0,0,0,0,1,400,2.25,2,Low
31574,0,0,1,127,0,0,0,127,0,444,0.9,2.25,High
31574,0,0,0,0,0,0,0,0,0,823,1.46,2.19,High
31574,1,2,1,116,0,0,0,116,0,357,0.56,7.84,Low
31574,8,1,0,0,0,0,0,0,0,505,0.59,0.79,High
31574,2,1,0,0,0,0,0,0,0,57,0,7.02,High
31574,1,1,0,0,0,0,0,0,0,341,4.11,0.88,High
31574,0,0,0,0,0,0,0,0,0,136,2.21,4.41,Low
31574,0,1,0,0,0,0,0,0,0,28,0,3.57,High
31574,0,1,0,0,0,0,0,0,0,694,1.87,2.88,High
31574,0,1,0,0,0,0,0,0,0,533,4.13,2.06,High
31574,0,2,1,637,0,0,0,637,0,289,4.15,0.69,Low
31574,1,0,3,198,120,387,0,705,0,295,1.69,3.39,Low
31574,1,17,0,0,0,0,0,0,0,344,0.58,2.91,Low
31574,0,0,0,0,0,0,0,0,0,44,2.27,2.27,Low
31574,3,1,0,0,0,0,0,0,0,525,0.95,1.14,High
31574,0,0,1,38,0,0,0,38,0,328,1.83,0.91,High
56903,2,1,0,0,0,0,0,0,0,171,1.75,1.17,High
56903,0,2,1,137,0,0,0,137,0,511,1.17,2.54,High
56903,5,1,1,124,0,0,0,124,0,112,5.36,0,High
56903,7,0,0,0,0,0,0,0,0,136,2.21,4.41,High
56903,0,1,1,148,0,0,0,148,0,35,0,0,High
56903,6,1,0,0,0,0,0,0,3,672,1.93,0.15,High
56903,1,0,0,0,0,0,0,0,0,929,1.72,0.65,High
56903,2,0,2,278,335,0,0,613,0,544,2.02,2.39,High
56903,4,0,1,38,0,0,0,38,0,81,1.23,1.23,High
56903,1,4,1,116,0,0,0,116,0,868,1.73,4.38,High
56903,1,0,1,885,0,0,0,885,0,448,3.79,1.56,Low
56903,7,9,5,53,44,40,76,213,3,2655,0.9,2.18,Low
56903,0,1,2,81,24,0,0,105,0,353,2.83,2.55,High
56903,2,0,2,109,253,0,0,362,0,521,1.34,1.54,Low
56903,0,1,0,0,0,0,0,0,0,321,1.87,1.56,Low
56903,5,3,0,0,0,0,0,0,0,435,4.83,0.92,Low
56903,1,2,0,0,0,0,0,0,0,611,2.62,1.64,High
56903,0,1,0,0,0,0,0,0,0,626,1.6,1.28,High
56903,3,6,1,255,0,0,0,255,0,594,2.53,2.02,High
56903,0,1,1,115,0,0,0,115,0,421,1.66,3.33,Low
56903,0,0,1,89,0,0,0,89,2,706,0.28,2.83,High
56903,0,0,1,136,0,0,0,136,0,222,1.8,5.86,High
56903,0,3,1,555,0,0,0,555,0,637,1.57,0.78,High
56903,1,6,1,722,0,0,0,722,0,389,3.6,2.57,Low
56903,0,0,1,127,0,0,0,127,0,444,0.9,2.25,High
33464,4,1,1,19,0,0,0,19,0,503,0.99,3.18,Low
33464,1,0,1,89,0,0,0,89,2,706,0.28,2.83,High
33464,4,1,0,0,0,0,0,0,0,171,1.75,1.17,Low
33464,1,2,1,137,0,0,0,137,0,511,1.17,2.54,High
33464,6,1,1,124,0,0,0,124,0,112,5.36,0,High
33464,1,0,0,0,0,0,0,0,0,929,1.72,0.65,High
33464,0,1,0,0,0,0,0,0,0,529,0.57,3.59,Low
33464,7,0,0,0,0,0,0,0,0,136,2.21,4.41,High
33464,1,1,0,0,0,0,0,0,0,321,1.87,1.56,High
33464,0,1,1,148,0,0,0,148,0,35,0,0,High
33464,0,1,0,0,0,0,0,0,0,193,0,3.11,Low
33464,6,1,0,0,0,0,0,0,3,672,1.93,0.15,High
33464,2,0,2,278,335,0,0,613,0,544,2.02,2.39,High
33464,0,1,0,0,0,0,0,0,0,385,2.6,3.64,Low
33464,4,0,1,38,0,0,0,38,0,81,1.23,1.23,High
33464,0,1,0,0,0,0,0,0,0,626,1.6,1.28,High
33464,1,0,1,885,0,0,0,885,0,448,3.79,1.56,Low
33464,1,4,1,116,0,0,0,116,0,868,1.73,4.38,High
33464,1,2,0,0,0,0,0,0,0,611,2.62,1.64,High
33464,0,0,0,0,0,0,0,0,0,120,0.83,0.83,Low
33464,2,2,0,0,0,0,0,0,0,191,2.09,1.57,Low
33464,0,1,1,115,0,0,0,115,0,421,1.66,3.33,Low
33464,0,1,0,0,0,0,0,0,0,134,0.75,1.49,Low
33464,0,1,0,0,0,0,0,0,0,374,0.27,0.27,Low
33464,0,0,0,0,0,0,0,0,0,72,1.39,1.39,Low
23689,2,1,0,0,0,0,0,0,0,163,0.61,0.61,Low
23689,5,3,0,0,0,0,0,0,0,706,1.13,3.26,Low
23689,0,0,0,0,0,0,0,0,0,303,1.65,0.66,High
23689,2,0,0,0,0,0,0,0,0,637,3.14,0.16,High
23689,8,1,1,19,0,0,0,19,0,503,0.99,3.18,Low
23689,1,1,0,0,0,0,0,0,0,186,0.54,2.15,High
23689,0,1,0,0,0,0,0,0,0,1256,1.27,1.83,High
23689,1,0,1,112,0,0,0,112,1,447,3.13,1.79,Low
23689,0,1,0,0,0,0,0,0,0,79,2.53,0,High
23689,0,1,0,0,0,0,0,0,0,822,2.07,2.31,High
23689,2,0,1,89,0,0,0,89,2,706,0.28,2.83,High
23689,0,0,0,0,0,0,0,0,0,120,0.83,0.83,High
23689,1,3,0,0,0,0,0,0,0,161,3.11,0,High
23689,0,0,1,147,0,0,0,147,1,353,1.98,1.42,Low
23689,0,1,0,0,0,0,0,0,0,0,0,0,High
23689,0,1,0,0,0,0,0,0,0,101,0,3.96,Low
23689,0,5,1,142,0,0,0,142,0,1147,2.53,1.83,Low
23689,0,1,1,145,0,0,0,145,0,465,1.72,2.8,Low
23689,4,1,0,0,0,0,0,0,0,171,1.75,1.17,Low
23689,1,2,1,137,0,0,0,137,0,511,1.17,2.54,High
23689,1,0,1,126,0,0,0,126,3,500,1.2,0.8,High
23689,0,0,1,33,0,0,0,33,0,141,0.71,2.13,Low
23689,0,1,1,141,0,0,0,141,0,308,0.65,1.3,Low
23689,0,1,1,726,0,0,0,726,0,624,1.76,0.64,Low
23689,0,1,1,736,0,0,0,736,0,271,0,2.95,Low
17165,4,2,0,0,0,0,0,0,0,475,0.42,2.53,High
17165,5,0,0,0,0,0,0,0,0,637,3.14,0.16,High
17165,2,1,0,0,0,0,0,0,0,163,0.61,0.61,Low
17165,1,16,0,0,0,0,0,0,0,2588,2.55,2.28,Low
17165,0,0,1,147,0,0,0,147,1,353,1.98,1.42,High
17165,0,0,0,0,0,0,0,0,0,303,1.65,0.66,High
17165,5,3,0,0,0,0,0,0,0,706,1.13,3.26,Low
17165,1,1,0,0,0,0,0,0,0,158,1.9,3.16,Low
17165,1,1,0,0,0,0,0,0,0,186,0.54,2.15,High
17165,0,11,1,61,0,0,0,61,0,284,2.11,4.93,Low
17165,0,0,0,0,0,0,0,0,0,137,0,3.65,High
17165,8,1,1,19,0,0,0,19,0,503,0.99,3.18,Low
17165,0,1,0,0,0,0,0,0,0,1256,1.27,1.83,High
17165,0,7,98,0,0,0,0,0,0,1103,1.81,3.81,Low
17165,1,0,1,112,0,0,0,112,1,447,3.13,1.79,Low
17165,1,1,0,0,0,0,0,0,0,101,0,3.96,Low
17165,0,1,1,145,0,0,0,145,0,465,1.72,2.8,Low
17165,0,1,0,0,0,0,0,0,0,79,2.53,0,High
17165,0,1,0,0,0,0,0,0,0,822,2.07,2.31,High
17165,1,3,0,0,0,0,0,0,0,161,3.11,0,High
17165,0,0,0,0,0,0,0,0,0,351,1.99,2.28,High
17165,0,2,1,133,0,0,0,133,0,210,0,1.9,High
17165,0,1,0,0,0,0,0,0,0,1301,0.77,2.08,Low
17165,0,0,0,0,0,0,0,0,0,120,0.83,0.83,High
17165,0,3,0,0,0,0,0,0,0,728,1.65,2.47,Low
19686,0,1,0,0,0,0,0,0,0,12,0,8.33,High
19686,9,7,98,0,0,0,0,0,0,1103,1.81,3.81,Low
19686,0,1,1,0,0,0,0,0,0,307,0.98,0.65,High
19686,1,2,1,384,0,0,0,384,0,459,1.09,1.96,High
19686,0,2,1,190,0,0,0,190,0,357,0.56,3.36,Low
19686,5,2,0,0,0,0,0,0,0,475,0.42,2.53,High
19686,0,0,1,60,0,0,0,60,0,58,5.17,3.45,Low
19686,1,1,0,0,0,0,0,0,0,160,0.62,4.38,High
19686,1,1,0,0,0,0,0,0,0,158,1.9,3.16,High
19686,0,2,1,113,0,0,0,113,0,548,0.91,2.01,High
19686,5,16,0,0,0,0,0,0,0,2588,2.55,2.28,Low
19686,5,0,0,0,0,0,0,0,0,637,3.14,0.16,High
19686,0,1,0,0,0,0,0,0,0,122,3.28,2.46,High
19686,1,29,0,0,0,0,0,0,0,730,0.55,0.96,Low
19686,0,2,1,680,0,0,0,680,0,911,1.21,1.54,Low
19686,2,1,0,0,0,0,0,0,0,163,0.61,0.61,Low
19686,1,0,1,147,0,0,0,147,1,353,1.98,1.42,High
19686,0,0,2,21,148,0,0,169,0,444,1.8,1.58,Low
19686,0,2,0,0,0,0,0,0,0,168,0,4.76,Low
19686,1,11,1,61,0,0,0,61,0,284,2.11,4.93,Low
19686,0,3,0,0,0,0,0,0,0,916,1.97,0.66,Low
19686,1,0,1,67,0,0,0,67,0,50,4,4,Low
19686,0,0,0,0,0,0,0,0,0,239,0.42,2.51,Low
19686,0,1,0,0,0,0,0,0,0,142,0,7.04,Low
19686,0,1,0,0,0,0,0,0,0,2170,1.71,1.61,Low
27110,0,3,1,32,0,0,0,32,0,314,1.27,3.5,High
27110,4,21,0,0,0,0,0,0,1,5486,1.48,1.4,High
27110,0,1,1,37,0,0,0,37,1,261,1.15,5.36,Low
27110,1,1,1,99,0,0,0,99,0,143,3.5,0.7,High
27110,1,1,0,0,0,0,0,0,0,12,0,8.33,Low
27110,0,1,1,0,0,0,0,0,0,307,0.98,0.65,High
27110,1,0,0,0,0,0,0,0,0,7,0,14.29,Low
27110,9,7,98,0,0,0,0,0,0,1103,1.81,3.81,Low
27110,0,11,0,0,0,0,0,0,0,252,0.79,0.79,High
27110,0,2,1,178,0,0,0,178,0,357,0.56,3.36,High
27110,0,0,1,115,0,0,0,115,0,807,0.74,0.99,Low
27110,0,1,0,0,0,0,0,0,0,167,0.6,1.8,High
27110,0,2,1,249,0,0,0,249,0,433,2.31,1.15,Low
27110,1,2,1,384,0,0,0,384,0,459,1.09,1.96,High
27110,0,2,2,136,177,0,0,313,1,829,1.33,1.21,High
27110,2,29,0,0,0,0,0,0,0,730,0.55,0.96,High
27110,0,1,0,0,0,0,0,0,0,530,1.89,3.02,High
27110,0,3,1,38,0,0,0,38,0,132,1.52,1.52,Low
27110,0,1,0,0,0,0,0,0,0,278,0,1.08,Low
27110,1,4,1,55,0,0,0,55,1,651,1.38,0.77,High
27110,0,1,0,0,0,0,0,0,3,845,2.01,1.66,Low
27110,0,1,0,0,0,0,0,0,0,146,1.37,0.68,Low
27110,0,0,1,60,0,0,0,60,0,58,5.17,3.45,Low
27110,0,1,0,0,0,0,0,0,0,133,0,0.75,High
27110,5,2,0,0,0,0,0,0,0,475,0.42,2.53,High
36805,22,0,1,65,0,0,0,65,0,415,0.24,0.72,High
36805,2,0,0,0,0,0,0,0,0,223,0.9,1.79,High
36805,2,3,1,32,0,0,0,32,0,314,1.27,3.5,High
36805,1,1,0,0,0,0,0,0,0,255,0.78,1.18,Low
36805,2,5,0,0,0,0,0,0,1,0,0,0,High
36805,1,1,1,99,0,0,0,99,0,143,3.5,0.7,High
36805,0,2,0,0,0,0,0,0,0,553,1.45,2.53,High
36805,1,11,0,0,0,0,0,0,0,252,0.79,0.79,High
36805,0,1,1,37,0,0,0,37,1,261,1.15,5.36,Low
36805,0,3,1,238,0,0,0,238,0,195,2.05,2.05,Low
36805,0,4,0,0,0,0,0,0,0,794,1.13,1.39,High
36805,5,21,0,0,0,0,0,0,1,5486,1.48,1.4,High
36805,2,1,0,0,0,0,0,0,2,302,2.32,2.32,High
36805,1,4,1,64,0,0,0,64,0,536,0.19,3.73,High
36805,0,3,0,0,0,0,0,0,0,286,0,3.5,Low
36805,0,1,2,158,77,0,0,235,0,236,0.85,2.12,Low
36805,0,0,1,124,0,0,0,124,0,345,1.16,2.03,Low
36805,0,1,0,0,0,0,0,0,1,405,1.98,1.23,Low
36805,2,1,0,0,0,0,0,0,0,366,4.64,1.09,Low
36805,0,1,0,0,0,0,0,0,0,891,0.79,3.82,High
36805,0,1,0,0,0,0,0,0,0,167,0.6,1.8,High
36805,0,5,0,0,0,0,0,0,0,426,2.58,1.17,Low
36805,0,2,0,0,0,0,0,0,0,385,1.04,2.34,Low
36805,0,0,1,126,0,0,0,126,3,500,1.2,0.8,High
36805,0,1,0,0,0,0,0,0,1,82,0,1.22,Low
20453,0,16,1,88,0,0,0,88,0,1157,2.33,2.85,High
20453,37,0,1,65,0,0,0,65,0,415,0.24,0.72,High
20453,1,3,0,0,0,0,0,0,0,225,0.89,2.67,High
20453,0,1,0,0,0,0,0,0,0,272,0.37,1.84,High
20453,2,0,0,0,0,0,0,0,0,223,0.9,1.79,High
20453,2,1,2,158,77,0,0,235,0,236,0.85,2.12,High
20453,1,2,0,0,0,0,0,0,0,712,1.97,0.14,High
20453,5,5,0,0,0,0,0,0,1,0,0,0,High
20453,0,3,1,238,0,0,0,238,0,195,2.05,2.05,High
20453,1,1,0,0,0,0,0,0,0,65,3.08,0,Low
20453,0,1,0,0,0,0,0,0,0,37,2.7,0,Low
20453,2,3,1,32,0,0,0,32,0,314,1.27,3.5,High
20453,1,1,0,0,0,0,0,0,0,255,0.78,1.18,Low
20453,0,1,0,0,0,0,0,0,0,204,0,0.49,High
20453,0,1,0,0,0,0,0,0,0,72,1.39,1.39,Low
20453,0,1,0,0,0,0,0,0,0,340,0.88,4.12,Low
20453,0,1,0,0,0,0,0,0,0,28,0,3.57,Low
20453,0,2,0,0,0,0,0,0,0,553,1.45,2.53,High
20453,3,11,0,0,0,0,0,0,0,252,0.79,0.79,High
20453,0,1,0,0,0,0,0,0,1,102,2.94,1.96,Low
20453,0,1,0,0,0,0,0,0,0,891,0.79,3.82,High
20453,1,1,1,99,0,0,0,99,0,143,3.5,0.7,High
20453,1,1,1,37,0,0,0,37,1,261,1.15,5.36,Low
20453,0,1,0,0,0,0,0,0,0,348,1.72,5.17,Low
20453,0,4,0,0,0,0,0,0,0,794,1.13,1.39,High
37951,1,1,1,223,0,0,0,223,0,435,2.99,2.53,High
37951,16,0,1,123,0,0,0,123,0,507,1.18,2.96,High
37951,3,0,1,52,0,0,0,52,0,263,1.14,0,High
37951,0,4,1,59,0,0,0,59,0,899,2,1.33,High
37951,0,1,0,0,0,0,0,0,0,501,0.8,3.19,High
37951,0,0,0,0,0,0,0,0,0,399,1,4.26,Low
37951,0,1,0,0,0,0,0,0,0,552,1.63,2.9,Low
37951,0,16,1,88,0,0,0,88,0,1157,2.33,2.85,High
37951,0,0,1,24,0,0,0,24,0,434,2.3,2.07,Low
37951,0,2,1,304,0,0,0,304,0,419,1.67,1.67,Low
37951,0,0,1,94,0,0,0,94,1,263,0.76,2.28,High
37951,0,1,0,0,0,0,0,0,0,272,0.37,1.84,High
37951,0,2,0,0,0,0,0,0,0,35,2.86,2.86,Low
37951,0,1,0,0,0,0,0,0,0,340,0.88,4.12,High
37951,0,0,1,152,0,0,0,152,0,713,2.24,2.66,Low
37951,1,3,0,0,0,0,0,0,0,225,0.89,2.67,High
37951,0,0,2,169,130,0,0,299,0,763,3.15,3.15,High
37951,0,1,1,218,0,0,0,218,0,1262,0.95,3.25,Low
37951,1,1,0,0,0,0,0,0,0,330,1.82,1.52,Low
37951,0,1,0,0,0,0,0,0,0,315,1.27,1.59,Low
37951,1,1,2,36,39,0,0,75,0,554,3.25,1.81,Low
37951,0,1,0,0,0,0,0,0,0,204,0,0.49,High
37951,0,1,0,0,0,0,0,0,0,227,4.85,0,Low
37951,0,0,1,141,0,0,0,141,3,0,0,0,High
37951,0,0,0,0,0,0,0,0,0,322,2.17,2.17,Low
28275,2,0,1,141,0,0,0,141,3,0,0,0,High
28275,4,1,1,223,0,0,0,223,0,435,2.99,2.53,High
28275,1,1,0,0,0,0,0,0,0,227,4.85,0,High
28275,0,0,5,191,365,307,239,1102,0,590,0.68,0.85,High
28275,1,1,0,0,0,0,0,0,0,552,1.63,2.9,High
28275,1,0,0,0,0,0,0,0,0,405,2.47,0.99,Low
28275,0,1,0,0,0,0,0,0,0,586,0.85,4.61,High
28275,4,0,1,52,0,0,0,52,0,263,1.14,0,High
28275,17,0,1,123,0,0,0,123,0,507,1.18,2.96,Low
28275,0,1,0,0,0,0,0,0,0,376,1.86,0.53,Low
28275,1,0,0,0,0,0,0,0,0,399,1,4.26,High
28275,0,1,0,0,0,0,0,0,0,284,1.76,3.87,Low
28275,1,0,1,22,0,0,0,22,6,426,3.76,3.29,High
28275,0,1,1,748,0,0,0,748,0,1073,0.75,2.14,High
28275,1,1,1,218,0,0,0,218,0,1262,0.95,3.25,High
28275,0,0,1,24,0,0,0,24,0,434,2.3,2.07,Low
28275,0,4,1,59,0,0,0,59,0,899,2,1.33,High
28275,1,2,0,0,0,0,0,0,0,852,0.47,1.29,Low
28275,0,0,2,30,144,0,0,174,0,427,1.17,1.64,High
28275,0,1,0,0,0,0,0,0,0,407,0.74,2.46,Low
28275,2,2,0,0,0,0,0,0,0,35,2.86,2.86,Low
28275,0,2,0,0,0,0,0,0,0,976,3.59,2.66,Low
28275,1,1,0,0,0,0,0,0,0,501,0.8,3.19,High
28275,0,1,0,0,0,0,0,0,0,411,4.62,1.46,Low
28275,0,0,0,0,0,0,0,0,1,306,5.56,0.33,High
21825,6,1,1,74,0,0,0,74,0,881,1.02,1.14,High
21825,5,0,2,30,144,0,0,174,0,427,1.17,1.64,High
21825,17,0,5,191,365,307,239,1102,0,590,0.68,0.85,High
21825,6,1,0,0,0,0,0,0,0,328,0.61,0,High
21825,2,0,0,0,0,0,0,0,0,573,3.84,1.22,High
21825,1,1,0,0,0,0,0,0,0,302,1.99,3.31,High
21825,1,1,0,0,0,0,0,0,0,446,0.67,0.9,Low
21825,0,1,0,0,0,0,0,0,0,0,0,0,Low
21825,1,1,0,0,0,0,0,0,0,284,1.76,3.87,High
21825,1,1,3,55,9,15,0,79,0,986,2.43,1.12,High
21825,1,1,3,130,202,138,0,470,0,532,1.32,3.76,High
21825,1,0,0,0,0,0,0,0,0,334,1.5,3.59,High
21825,0,0,0,0,0,0,0,0,0,443,0.68,0.9,Low
21825,2,0,1,141,0,0,0,141,3,0,0,0,High
21825,1,1,1,126,0,0,0,126,0,312,2.24,3.85,High
21825,1,0,0,0,0,0,0,0,0,405,2.47,0.99,High
21825,1,1,0,0,0,0,0,0,0,669,1.79,2.24,High
21825,1,0,0,0,0,0,0,0,0,800,1,2,High
21825,1,0,1,62,0,0,0,62,1,736,1.63,2.72,High
21825,1,1,0,0,0,0,0,0,0,552,1.63,2.9,High
21825,1,4,0,0,0,0,0,0,0,1367,1.9,2.12,Low
21825,1,1,0,0,0,0,0,0,0,227,4.85,0,High
21825,0,1,0,0,0,0,0,0,0,411,4.62,1.46,High
21825,0,1,0,0,0,0,0,0,0,586,0.85,4.61,High
21825,0,0,1,0,0,0,0,0,0,275,4,5.45,High
20858,4,1,0,0,0,0,0,0,0,53,1.89,5.66,Low
20858,7,1,1,74,0,0,0,74,0,881,1.02,1.14,High
20858,2,1,1,112,0,0,0,112,0,326,1.23,0.92,High
20858,1,1,0,0,0,0,0,0,0,0,0,0,High
20858,2,1,0,0,0,0,0,0,0,446,0.67,0.9,High
20858,1,0,0,0,0,0,0,0,0,443,0.68,0.9,High
20858,0,1,2,85,132,0,0,217,0,623,0.96,1.44,High
20858,0,1,0,0,0,0,0,0,0,264,2.27,1.89,High
20858,2,0,0,0,0,0,0,0,0,800,1,2,High
20858,1,1,0,0,0,0,0,0,0,399,0.25,2.01,High
20858,5,0,2,30,144,0,0,174,0,427,1.17,1.64,High
20858,3,0,0,0,0,0,0,0,0,573,3.84,1.22,High
20858,17,0,5,191,365,307,239,1102,0,590,0.68,0.85,High
20858,7,1,0,0,0,0,0,0,0,328,0.61,0,High
20858,1,24,0,0,0,0,0,0,0,444,1.8,4.5,Low
20858,1,0,1,183,0,0,0,183,0,464,2.37,1.08,High
20858,0,2,0,0,0,0,0,0,1,1085,1.38,0.65,Low
20858,2,1,0,0,0,0,0,0,0,384,1.82,0,Low
20858,1,1,3,130,202,138,0,470,0,532,1.32,3.76,High
20858,0,1,0,0,0,0,0,0,0,426,2.35,1.17,Low
20858,1,6,0,0,0,0,0,0,0,65,0,1.54,Low
20858,0,1,0,0,0,0,0,0,0,293,2.05,0,High
20858,0,0,1,489,0,0,0,489,0,2025,1.14,2.02,High
20858,0,2,1,727,0,0,0,727,0,954,0.21,3.56,High
20858,2,1,3,55,9,15,0,79,0,986,2.43,1.12,High
24375,10,1,1,68,0,0,0,68,0,1095,0.73,1.55,Low
24375,0,1,0,0,0,0,0,0,0,736,1.36,1.36,High
24375,6,1,1,112,0,0,0,112,0,326,1.23,0.92,High
24375,0,0,1,106,0,0,0,106,0,466,2.58,2.36,High
24375,1,1,2,85,132,0,0,217,0,623,0.96,1.44,High
24375,1,10,2,55,153,0,0,208,0,326,0.92,0.92,High
24375,1,3,0,0,0,0,0,0,0,635,2.05,3.46,Low
24375,0,3,1,122,0,0,0,122,0,489,1.64,1.02,Low
24375,0,1,0,0,0,0,0,0,0,108,0,0,High
24375,1,1,0,0,0,0,0,0,1,145,4.83,0,Low
24375,0,1,0,0,0,0,0,0,0,852,0.82,0.82,High
24375,1,1,0,0,0,0,0,0,0,219,0.46,0.46,High
24375,0,1,0,0,0,0,0,0,0,264,2.27,1.89,Low
24375,5,1,0,0,0,0,0,0,0,53,1.89,5.66,Low
24375,0,1,0,0,0,0,0,0,0,686,1.31,4.37,Low
24375,0,1,0,0,0,0,0,0,0,772,1.55,1.94,High
24375,0,1,0,0,0,0,0,0,2,355,1.97,0.85,Low
24375,0,0,1,122,0,0,0,122,0,782,1.53,1.53,Low
24375,1,1,1,705,0,0,0,705,0,304,0.33,0.99,Low
24375,0,1,1,125,0,0,0,125,0,794,0.63,2.39,Low
24375,0,2,0,0,0,0,0,0,1,1085,1.38,0.65,Low
24375,0,1,0,0,0,0,0,0,0,129,2.33,3.88,Low
24375,0,1,0,0,0,0,0,0,0,1028,2.82,0.68,Low
24375,1,1,0,0,0,0,0,0,0,0,0,0,High
24375,1,1,0,0,0,0,0,0,0,293,2.05,0,High
21288,5,1,0,0,0,0,0,0,0,838,2.39,1.43,High
21288,1,10,2,55,153,0,0,208,0,326,0.92,0.92,High
21288,14,1,1,68,0,0,0,68,0,1095,0.73,1.55,Low
21288,0,3,1,122,0,0,0,122,0,489,1.64,1.02,High
21288,0,1,0,0,0,0,0,0,0,852,0.82,0.82,High
21288,0,3,0,0,0,0,0,0,0,725,1.24,0.69,High
21288,0,4,1,61,0,0,0,61,0,1895,2.59,2.74,High
21288,0,0,1,86,0,0,0,86,0,687,1.75,1.16,High
21288,2,1,0,0,0,0,0,0,0,736,1.36,1.36,High
21288,0,0,1,30,0,0,0,30,0,313,5.11,1.92,High
21288,0,15,0,0,0,0,0,0,0,561,1.25,3.03,High
21288,6,1,1,112,0,0,0,112,0,326,1.23,0.92,High
21288,0,1,0,0,0,0,0,0,0,997,1.2,1.5,High
21288,0,0,1,106,0,0,0,106,0,466,2.58,2.36,High
21288,0,2,0,0,0,0,0,0,0,712,1.69,1.97,High
21288,0,2,1,102,0,0,0,102,0,773,1.03,1.81,Low
21288,0,4,0,0,0,0,0,0,0,338,0.3,0.3,High
21288,1,3,0,0,0,0,0,0,0,635,2.05,3.46,High
21288,0,1,0,0,0,0,0,0,0,108,0,0,High
21288,1,1,2,85,132,0,0,217,0,623,0.96,1.44,High
21288,0,2,1,79,0,0,0,79,0,546,0.73,2.01,Low
21288,0,2,0,0,0,0,0,0,0,10,0,0,Low
21288,0,0,0,0,0,0,0,0,0,405,1.48,2.96,Low
21288,0,1,0,0,0,0,0,0,0,838,2.39,1.43,Low
21288,0,0,1,124,0,0,0,124,0,237,0.42,1.69,Low
34958,6,1,1,181,0,0,0,181,1,591,2.37,0.68,High
34958,1,1,2,131,2666,0,0,2797,2,507,1.78,5.92,Low
34958,3,0,1,86,0,0,0,86,0,687,1.75,1.16,High
34958,10,1,0,0,0,0,0,0,0,838,2.39,1.43,High
34958,3,15,0,0,0,0,0,0,0,561,1.25,3.03,High
34958,0,3,0,0,0,0,0,0,0,1090,2.39,0.92,High
34958,0,3,0,0,0,0,0,0,0,725,1.24,0.69,High
34958,0,1,0,0,0,0,0,0,0,0,0,0,Low
34958,2,0,1,30,0,0,0,30,0,313,5.11,1.92,High
34958,2,2,1,79,0,0,0,79,0,546,0.73,2.01,High
34958,0,1,1,137,0,0,0,137,0,1953,0.92,1.23,High
34958,2,0,1,148,0,0,0,148,0,380,1.32,2.11,High
34958,3,3,0,0,0,0,0,0,0,237,2.11,3.38,High
34958,1,0,0,0,0,0,0,0,0,128,1.56,1.56,High
34958,2,1,1,68,0,0,0,68,0,570,0.53,4.56,Low
34958,2,10,2,55,153,0,0,208,0,326,0.92,0.92,High
34958,0,2,0,0,0,0,0,0,0,500,0.6,2.2,Low
34958,0,1,1,120,0,0,0,120,0,299,0,1.67,High
34958,1,1,0,0,0,0,0,0,0,160,2.5,3.12,Low
34958,0,1,0,0,0,0,0,0,0,862,2.2,1.28,Low
34958,1,1,0,0,0,0,0,0,0,204,2.94,0.98,Low
34958,1,1,0,0,0,0,0,0,0,997,1.2,1.5,High
34958,0,0,0,0,0,0,0,0,0,133,0.75,3.76,Low
34958,0,2,0,0,0,0,0,0,0,562,1.07,2.85,High
34958,0,0,1,143,0,0,0,143,0,112,0.89,0,High
21263,4,1,0,0,0,0,0,0,0,385,1.56,0.26,High
21263,0,2,0,0,0,0,0,0,0,1198,2.25,3.92,High
21263,6,1,1,181,0,0,0,181,1,591,2.37,0.68,Low
21263,1,1,0,0,0,0,0,0,0,129,0,3.1,High
21263,0,0,2,100,171,0,0,271,17,2125,0.8,1.98,High
21263,1,1,2,131,2666,0,0,2797,2,507,1.78,5.92,Low
21263,2,0,1,146,0,0,0,146,0,229,2.18,4.8,Low
21263,3,0,1,86,0,0,0,86,0,687,1.75,1.16,High
21263,11,1,0,0,0,0,0,0,0,838,2.39,1.43,High
21263,0,2,2,74,130,0,0,204,0,1201,2.5,3.5,High
21263,0,3,0,0,0,0,0,0,0,1090,2.39,0.92,High
21263,3,15,0,0,0,0,0,0,0,561,1.25,3.03,High
21263,0,3,0,0,0,0,0,0,0,725,1.24,0.69,High
21263,0,1,0,0,0,0,0,0,0,0,0,0,Low
21263,0,0,1,126,0,0,0,126,0,357,0.84,5.04,Low
21263,0,1,0,0,0,0,0,0,0,291,0.34,3.09,High
21263,2,0,1,148,0,0,0,148,0,380,1.32,2.11,High
21263,0,1,0,0,0,0,0,0,0,460,1.3,3.7,Low
21263,2,0,1,30,0,0,0,30,0,313,5.11,1.92,High
21263,2,2,1,79,0,0,0,79,0,546,0.73,2.01,High
21263,0,2,0,0,0,0,0,0,0,444,4.95,0.45,Low
21263,0,1,1,137,0,0,0,137,0,1953,0.92,1.23,High
21263,0,1,0,0,0,0,0,0,0,326,4.91,2.76,Low
21263,0,12,0,0,0,0,0,0,0,232,0.86,2.59,Low
21263,0,2,0,0,0,0,0,0,0,500,0.6,2.2,Low
20197,3,0,1,128,0,0,0,128,0,327,1.53,2.75,High
20197,1,2,0,0,0,0,0,0,0,1198,2.25,3.92,Low
20197,2,7,1,220,0,0,0,220,0,1313,1.07,3.88,High
20197,5,1,0,0,0,0,0,0,0,385,1.56,0.26,High
20197,2,3,1,123,0,0,0,123,0,74,0,0,High
20197,2,1,0,0,0,0,0,0,0,284,1.76,0.35,High
20197,0,1,0,0,0,0,0,0,0,284,1.06,2.82,High
20197,1,1,0,0,0,0,0,0,0,236,2.12,2.12,Low
20197,1,23,1,687,0,0,0,687,0,392,2.04,3.32,High
20197,0,1,0,0,0,0,0,0,1,166,1.2,6.02,Low
20197,6,1,1,181,0,0,0,181,1,591,2.37,0.68,Low
20197,0,3,1,28,0,0,0,28,3,567,1.23,1.76,Low
20197,1,0,2,100,171,0,0,271,17,2125,0.8,1.98,High
20197,0,2,1,101,0,0,0,101,0,239,0,5.02,Low
20197,2,0,1,126,0,0,0,126,0,357,0.84,5.04,High
20197,1,1,0,0,0,0,0,0,0,425,3.53,1.18,Low
20197,2,0,1,146,0,0,0,146,0,229,2.18,4.8,High
20197,0,1,0,0,0,0,0,0,1,369,1.08,1.36,Low
20197,0,1,0,0,0,0,0,0,2,223,0.9,0.9,High
20197,1,1,2,131,2666,0,0,2797,2,507,1.78,5.92,Low
20197,0,1,0,0,0,0,0,0,0,326,4.91,2.76,Low
20197,1,3,0,0,0,0,0,0,0,689,1.6,6.1,Low
20197,0,1,0,0,0,0,0,0,0,91,1.1,6.59,Low
20197,1,4,1,79,0,0,0,79,0,1047,1.72,1.43,Low
20197,0,0,0,0,0,0,0,0,0,49,0,2.04,Low
14393,5,1,0,0,0,0,0,0,0,205,2.44,0,Low
14393,5,0,1,128,0,0,0,128,0,327,1.53,2.75,High
14393,1,0,1,55,0,0,0,55,0,749,2.27,2.8,High
14393,2,7,1,220,0,0,0,220,0,1313,1.07,3.88,High
14393,1,2,0,0,0,0,0,0,0,1198,2.25,3.92,Low
14393,2,3,1,123,0,0,0,123,0,74,0,0,High
14393,0,1,0,0,0,0,0,0,0,290,1.38,3.1,Low
14393,2,1,0,0,0,0,0,0,0,236,2.12,2.12,Low
14393,0,3,0,0,0,0,0,0,0,478,2.72,3.35,Low
14393,0,1,0,0,0,0,0,0,1,369,1.08,1.36,Low
14393,0,1,0,0,0,0,0,0,0,1143,1.57,2.45,Low
14393,2,1,0,0,0,0,0,0,0,284,1.76,0.35,High
14393,0,1,1,50,0,0,0,50,0,458,1.75,2.4,Low
14393,0,1,3,121,114,143,0,378,0,474,2.74,1.48,High
14393,0,3,0,0,0,0,0,0,0,213,1.41,1.88,Low
14393,0,1,0,0,0,0,0,0,1,166,1.2,6.02,High
14393,0,1,0,0,0,0,0,0,0,247,1.62,1.62,Low
14393,0,3,1,386,0,0,0,386,2,780,1.54,2.05,Low
14393,0,2,0,0,0,0,0,0,0,307,1.63,2.61,Low
14393,0,1,0,0,0,0,0,0,0,284,1.06,2.82,High
14393,0,1,0,0,0,0,0,0,0,188,3.72,0,Low
14393,0,0,0,0,0,0,0,0,0,155,1.94,1.94,Low
14393,0,7,0,0,0,0,0,0,0,627,3.03,1.75,Low
14393,0,1,0,0,0,0,0,0,1,194,0.52,4.64,Low
14393,0,3,1,28,0,0,0,28,3,567,1.23,1.76,High
28063,5,0,1,112,0,0,0,112,0,1739,1.21,2.24,Low
28063,2,0,0,0,0,0,0,0,0,217,0.46,2.76,High
28063,0,1,0,0,0,0,0,0,0,0,0,0,Low
28063,0,1,0,0,0,0,0,0,1,251,1.59,3.19,Low
28063,1,1,1,50,0,0,0,50,0,458,1.75,2.4,High
28063,5,1,0,0,0,0,0,0,0,205,2.44,0,Low
28063,1,1,0,0,0,0,0,0,0,271,1.11,1.11,High
28063,1,0,0,0,0,0,0,0,0,202,1.49,5.45,High
28063,0,1,1,52,0,0,0,52,0,81,0,0,Low
28063,0,1,0,0,0,0,0,0,0,211,1.42,5.21,Low
28063,1,1,0,0,0,0,0,0,0,466,0.64,1.29,Low
28063,1,0,0,0,0,0,0,0,0,173,0,1.16,Low
28063,1,1,0,0,0,0,0,0,0,353,0.28,1.7,Low
28063,0,1,0,0,0,0,0,0,0,0,0,0,Low
28063,1,0,2,54,102,0,0,156,2,1076,3.16,0.93,Low
28063,2,3,0,0,0,0,0,0,0,213,1.41,1.88,High
28063,0,1,1,125,0,0,0,125,0,260,2.69,1.54,High
28063,0,1,0,0,0,0,0,0,0,492,1.63,3.05,Low
28063,5,0,1,128,0,0,0,128,0,327,1.53,2.75,High
28063,0,1,0,0,0,0,0,0,0,667,0.6,1.2,Low
28063,0,1,0,0,0,0,0,0,2,622,1.77,2.41,Low
28063,0,0,4,76,84,41,62,263,0,696,2.44,2.16,Low
28063,0,1,0,0,0,0,0,0,0,254,0.39,3.94,Low
28063,0,3,0,0,0,0,0,0,0,478,2.72,3.35,Low
28063,0,1,0,0,0,0,0,0,0,290,1.38,3.1,Low
36778,2,1,1,105,0,0,0,105,0,629,3.34,2.38,High
36778,3,1,0,0,0,0,0,0,0,0,0,0,High
36778,1,4,0,0,0,0,0,0,0,338,0.3,0.3,High
36778,8,10,0,0,0,0,0,0,0,1248,1.12,1.36,Low
36778,1,1,0,0,0,0,0,0,0,211,1.42,5.21,High
36778,5,0,2,112,117,0,0,229,0,1739,1.21,2.24,Low
36778,7,0,0,0,0,0,0,0,0,217,0.46,2.76,High
36778,1,1,0,0,0,0,0,0,0,191,0,4.19,High
36778,1,1,0,0,0,0,0,0,0,330,3.33,3.64,Low
36778,2,1,0,0,0,0,0,0,0,353,0.28,1.7,High
36778,0,3,0,0,0,0,0,0,0,207,0,0,High
36778,0,1,0,0,0,0,0,0,1,251,1.59,3.19,High
36778,0,0,0,0,0,0,0,0,0,245,0.82,2.86,Low
36778,0,0,1,70,0,0,0,70,0,209,0,0.96,Low
36778,1,1,0,0,0,0,0,0,0,492,1.63,3.05,Low
36778,1,0,2,54,102,0,0,156,2,1076,3.16,0.93,Low
36778,0,1,0,0,0,0,0,0,0,544,0.74,2.76,Low
36778,0,1,1,179,0,0,0,179,2,943,1.8,0.53,Low
36778,1,1,1,50,0,0,0,50,0,458,1.75,2.4,High
36778,0,1,0,0,0,0,0,0,0,143,0.7,2.1,Low
36778,1,1,1,52,0,0,0,52,0,81,0,0,Low
36778,0,3,0,0,0,0,0,0,0,278,0,0,Low
36778,1,1,0,0,0,0,0,0,0,271,1.11,1.11,High
36778,0,1,0,0,0,0,0,0,0,75,1.33,0,Low
36778,5,1,0,0,0,0,0,0,0,205,2.44,0,Low
35041,5,6,1,101,0,0,0,101,4,360,3.06,2.78,High
35041,0,1,0,0,0,0,0,0,0,187,1.07,1.6,High
35041,6,1,0,0,0,0,0,0,1,846,1.65,2.84,Low
35041,1,1,0,0,0,0,0,0,0,257,1.56,2.33,High
35041,9,1,1,105,0,0,0,105,0,629,3.34,2.38,High
35041,0,2,0,0,0,0,0,0,0,449,0,3.12,High
35041,0,1,0,0,0,0,0,0,0,28,0,3.57,Low
35041,1,1,1,104,0,0,0,104,0,48,0,0,High
35041,1,0,1,70,0,0,0,70,0,209,0,0.96,High
35041,0,1,0,0,0,0,0,0,0,84,3.57,0,High
35041,1,0,0,0,0,0,0,0,0,135,0.74,2.96,Low
35041,1,17,1,124,0,0,0,124,0,463,1.08,3.67,Low
35041,0,0,0,0,0,0,0,0,0,595,2.18,0.5,High
35041,0,3,0,0,0,0,0,0,0,278,0,0,High
35041,0,3,1,26,0,0,0,26,0,509,1.38,4.32,High
35041,0,0,1,90,0,0,0,90,0,88,0,6.82,Low
35041,0,1,0,0,0,0,0,0,0,547,1.46,1.28,Low
35041,3,1,0,0,0,0,0,0,0,0,0,0,High
35041,1,0,0,0,0,0,0,0,0,245,0.82,2.86,Low
35041,0,2,0,0,0,0,0,0,0,108,1.85,2.78,Low
35041,1,1,1,102,0,0,0,102,0,551,0.18,1.27,Low
35041,0,1,0,0,0,0,0,0,0,904,0.55,4.09,Low
35041,0,1,0,0,0,0,0,0,0,736,1.36,1.22,Low
35041,1,1,1,45,0,0,0,45,0,824,1.7,1.46,Low
35041,8,10,0,0,0,0,0,0,0,1248,1.12,1.36,Low
19631,11,1,0,0,0,0,0,0,0,84,3.57,0,High
19631,6,1,0,0,0,0,0,0,0,187,1.07,1.6,Low
19631,5,6,1,101,0,0,0,101,4,360,3.06,2.78,High
19631,0,1,0,0,0,0,0,0,0,96,0,0,High
19631,7,1,0,0,0,0,0,0,1,846,1.65,2.84,Low
19631,0,1,0,0,0,0,0,0,0,312,0.64,0.64,Low
19631,3,1,0,0,0,0,0,0,0,257,1.56,2.33,High
19631,1,1,0,0,0,0,0,0,0,300,1.67,1.33,High
19631,0,0,217,0,0,0,0,0,0,405,1.98,2.22,High
19631,9,1,1,105,0,0,0,105,0,629,3.34,2.38,High
19631,0,1,0,0,0,0,0,0,0,509,2.36,1.18,Low
19631,1,2,0,0,0,0,0,0,0,449,0,3.12,High
19631,1,3,0,0,0,0,0,0,0,465,1.94,2.37,High
19631,0,1,0,0,0,0,0,0,0,162,1.23,0,Low
19631,1,0,1,101,0,0,0,101,0,284,1.41,1.41,High
19631,1,0,0,0,0,0,0,0,0,135,0.74,2.96,Low
19631,0,3,0,0,0,0,0,0,0,465,1.94,2.37,Low
19631,1,1,1,104,0,0,0,104,0,48,0,0,High
19631,0,1,0,0,0,0,0,0,0,307,0.65,2.61,Low
19631,0,0,0,0,0,0,0,0,0,745,2.55,4.56,Low
19631,1,0,1,70,0,0,0,70,0,209,0,0.96,High
19631,1,1,0,0,0,0,0,0,0,490,1.84,1.02,Low
19631,0,1,0,0,0,0,0,0,0,151,0,1.32,Low
19631,0,1,0,0,0,0,0,0,0,547,1.46,1.28,Low
19631,0,1,1,0,0,0,0,0,0,483,2.28,3.31,Low
28506,4,1,0,0,0,0,0,0,0,358,2.79,1.12,High
28506,8,0,7,151,80,127,160,518,0,1042,1.73,1.82,Low
28506,3,2,1,0,0,0,0,0,0,522,1.53,0.77,High
28506,1,1,0,0,0,0,0,0,1,407,2.21,1.72,High
28506,0,1,0,0,0,0,0,0,0,312,0.64,0.64,High
28506,1,1,0,0,0,0,0,0,0,169,0,2.37,Low
28506,1,1,2,54,126,0,0,180,1,525,1.33,2.86,High
28506,1,0,1,38,0,0,0,38,0,324,0.62,0.62,Low
28506,0,1,0,0,0,0,0,0,0,681,1.76,2.5,Low
28506,1,0,1,739,0,0,0,739,0,225,0.89,0.89,Low
28506,1,1,0,0,0,0,0,0,1,412,1.21,2.18,Low
28506,11,1,0,0,0,0,0,0,0,84,3.57,0,High
28506,0,1,0,0,0,0,0,0,0,553,1.08,1.63,High
28506,1,1,1,279,0,0,0,279,3,409,1.96,1.47,Low
28506,1,3,0,0,0,0,0,0,0,482,0.62,0.21,High
28506,0,1,0,0,0,0,0,0,0,113,0,0,Low
28506,0,1,0,0,0,0,0,0,0,0,0,0,Low
28506,6,1,0,0,0,0,0,0,0,187,1.07,1.6,Low
28506,1,0,1,89,0,0,0,89,0,118,0,0.85,High
28506,0,1,0,0,0,0,0,0,0,354,1.69,1.69,Low
28506,0,2,0,0,0,0,0,0,0,212,1.42,1.42,Low
28506,0,1,0,0,0,0,0,0,0,291,0.69,4.12,Low
28506,1,1,0,0,0,0,0,0,0,300,1.67,1.33,High
28506,0,4,95,0,0,0,0,0,0,466,1.29,1.72,Low
28506,1,2,0,0,0,0,0,0,0,800,2.5,2.38,High
18340,6,1,0,0,0,0,0,0,0,46,4.35,2.17,High
18340,1,1,0,0,0,0,0,0,0,345,2.61,0.87,High
18340,6,1,0,0,0,0,0,0,0,358,2.79,1.12,Low
18340,0,1,0,0,0,0,0,0,0,138,0,4.35,High
18340,1,1,0,0,0,0,0,0,3,356,1.97,0.56,High
18340,0,1,0,0,0,0,0,0,0,681,1.76,2.5,Low
18340,9,0,7,151,80,127,160,518,0,1042,1.73,1.82,Low
18340,3,2,1,0,0,0,0,0,0,522,1.53,0.77,High
18340,2,1,1,68,0,0,0,68,0,284,0.7,1.06,High
18340,1,0,1,168,0,0,0,168,0,712,0.7,3.09,Low
18340,0,2,0,0,0,0,0,0,0,359,2.51,1.11,High
18340,1,1,0,0,0,0,0,0,1,407,2.21,1.72,High
18340,3,1,0,0,0,0,0,0,0,169,0,2.37,High
18340,0,1,0,0,0,0,0,0,0,545,0.55,1.65,Low
18340,1,1,0,0,0,0,0,0,0,314,2.23,1.59,High
18340,0,6,0,0,0,0,0,0,0,808,1.36,1.36,High
18340,0,1,1,99,0,0,0,99,0,836,1.44,2.63,High
18340,1,0,1,739,0,0,0,739,0,225,0.89,0.89,Low
18340,3,1,0,0,0,0,0,0,0,113,0,0,High
18340,0,1,1,87,0,0,0,87,0,503,0.2,2.58,Low
18340,0,1,0,0,0,0,0,0,0,312,0.64,0.64,High
18340,1,3,0,0,0,0,0,0,0,799,0.88,2.13,High
18340,0,1,0,0,0,0,0,0,0,68,0,1.47,Low
18340,1,1,2,54,126,0,0,180,1,525,1.33,2.86,High
18340,1,1,0,0,0,0,0,0,1,412,1.21,2.18,Low
18878,7,3,0,0,0,0,0,0,0,239,3.77,1.67,High
18878,3,1,0,0,0,0,0,0,0,132,0,3.79,High
18878,0,1,0,0,0,0,0,0,0,746,1.74,4.83,Low
18878,1,0,0,0,0,0,0,0,0,93,3.23,1.08,High
18878,0,1,1,96,0,0,0,96,1,358,1.68,2.79,High
18878,1,1,1,80,0,0,0,80,0,757,1.32,2.38,High
18878,8,1,0,0,0,0,0,0,0,47,14.89,0,High
18878,0,1,0,0,0,0,0,0,0,296,0.68,4.39,High
18878,0,0,1,206,0,0,0,206,0,42,0,0,High
18878,0,1,0,0,0,0,0,0,0,345,2.61,0.87,High
18878,1,6,0,0,0,0,0,0,0,808,1.36,1.36,High
18878,0,1,1,110,0,0,0,110,0,341,0.29,4.11,Low
18878,0,0,0,0,0,0,0,0,0,234,0.85,0.85,Low
18878,1,1,2,63,118,0,0,181,0,95,3.16,0,Low
18878,2,32,0,0,0,0,0,0,0,230,2.17,1.3,Low
18878,0,1,1,30,0,0,0,30,0,365,0.27,2.19,High
18878,0,3,0,0,0,0,0,0,0,366,1.09,3.01,Low
18878,1,1,0,0,0,0,0,0,0,263,0,2.66,Low
18878,1,1,0,0,0,0,0,0,3,356,1.97,0.56,High
18878,0,1,0,0,0,0,0,0,2,224,2.68,1.79,Low
18878,0,1,0,0,0,0,0,0,0,865,0.58,1.5,Low
18878,0,1,1,87,0,0,0,87,0,503,0.2,2.58,High
18878,0,1,0,0,0,0,0,0,0,470,1.49,1.91,Low
18878,0,1,1,1485,0,0,0,1485,0,315,0.32,5.4,High
35169,0,1,1,125,0,0,0,125,0,400,1.25,3,High
35169,4,1,1,80,0,0,0,80,0,757,1.32,2.38,High
35169,10,3,0,0,0,0,0,0,0,239,3.77,1.67,High
35169,3,1,742,0,0,0,0,0,0,203,4.43,2.46,High
35169,1,1,1,30,0,0,0,30,0,365,0.27,2.19,High
35169,3,1,0,0,0,0,0,0,0,132,0,3.79,High
35169,2,1,0,0,0,0,0,0,0,574,3.48,1.22,High
35169,1,1,0,0,0,0,0,0,0,746,1.74,4.83,Low
35169,1,1,2,63,118,0,0,181,0,95,3.16,0,High
35169,0,25,2,133,76,0,0,209,0,453,0.44,1.99,High
35169,0,1,1,141,0,0,0,141,0,512,0.98,1.37,High
35169,0,0,1,206,0,0,0,206,0,42,0,0,High
35169,0,1,0,0,0,0,0,0,0,306,0.98,1.63,High
35169,1,0,0,0,0,0,0,0,0,93,3.23,1.08,High
35169,0,1,0,0,0,0,0,0,0,659,0.61,2.43,Low
35169,0,1,1,96,0,0,0,96,1,358,1.68,2.79,High
35169,0,6,0,0,0,0,0,0,0,876,0.57,2.97,High
35169,0,1,0,0,0,0,0,0,0,470,1.49,1.91,Low
35169,0,1,0,0,0,0,0,0,0,975,2.26,3.49,Low
35169,0,1,2,158,113,0,0,271,0,439,0.91,2.73,High
35169,0,3,0,0,0,0,0,0,0,628,2.71,4.62,High
35169,1,1,0,0,0,0,0,0,2,224,2.68,1.79,Low
35169,0,3,0,0,0,0,0,0,0,366,1.09,3.01,High
35169,1,0,0,0,0,0,0,0,0,234,0.85,0.85,High
35169,0,1,0,0,0,0,0,0,0,296,0.68,4.39,High
23246,3,0,2,252,54,0,0,306,0,590,0.68,1.53,High
23246,9,1,1,125,0,0,0,125,0,400,1.25,3,Low
23246,0,1,0,0,0,0,0,0,0,765,2.09,1.44,High
23246,0,3,0,0,0,0,0,0,0,539,1.11,0.93,Low
23246,1,1,0,0,0,0,0,0,0,150,2.67,1.33,High
23246,1,0,3,123,208,91,0,422,0,337,2.08,0.59,High
23246,0,1,0,0,0,0,0,0,0,720,1.39,0.69,High
23246,1,1,0,0,0,0,0,0,0,209,0.48,0.96,High
23246,0,1,1,106,0,0,0,106,0,883,0.68,1.25,Low
23246,1,1,0,0,0,0,0,0,0,345,0.87,2.03,High
23246,2,1,0,0,0,0,0,0,0,164,0.61,3.05,High
23246,0,0,1,98,0,0,0,98,0,477,0.63,3.35,Low
23246,0,1,1,233,0,0,0,233,0,314,1.59,3.18,High
23246,0,1,0,0,0,0,0,0,0,280,0.71,2.14,High
23246,1,0,0,0,0,0,0,0,0,409,1.47,3.18,High
23246,0,0,0,0,0,0,0,0,0,745,0.94,0.4,High
23246,5,1,1,80,0,0,0,80,0,757,1.32,2.38,High
23246,0,1,0,0,0,0,0,0,0,659,0.61,2.43,Low
23246,1,0,0,0,0,0,0,0,0,1143,1.49,2.8,Low
23246,0,3,0,0,0,0,0,0,0,918,1.63,2.18,High
23246,1,1,0,0,0,0,0,0,0,405,0.99,1.23,High
23246,1,3,0,0,0,0,0,0,0,127,0.79,1.57,Low
23246,4,1,742,0,0,0,0,0,0,203,4.43,2.46,High
23246,0,1,0,0,0,0,0,0,0,534,2.25,0.37,High
23246,1,1,0,0,0,0,0,0,0,832,1.56,2.28,Low
29361,5,2,1,91,0,0,0,91,0,798,2.01,3.51,High
29361,18,1,0,0,0,0,0,0,0,765,2.09,1.44,High
29361,0,1,0,0,0,0,0,0,2,290,1.38,3.1,High
29361,3,1,0,0,0,0,0,0,0,209,0.48,0.96,High
29361,1,1,0,0,0,0,0,0,0,345,0.87,2.03,High
29361,1,0,1,89,0,0,0,89,0,454,1.76,2.42,High
29361,4,0,3,123,208,91,0,422,0,337,2.08,0.59,High
29361,1,1,0,0,0,0,0,0,0,804,0.87,1.74,High
29361,3,0,2,252,54,0,0,306,0,590,0.68,1.53,High
29361,0,1,0,0,0,0,0,0,0,501,1.6,2.99,High
29361,1,3,0,0,0,0,0,0,0,539,1.11,0.93,Low
29361,0,1,1,233,0,0,0,233,0,314,1.59,3.18,High
29361,0,1,0,0,0,0,0,0,0,720,1.39,0.69,High
29361,1,1,0,0,0,0,0,0,0,150,2.67,1.33,High
29361,10,1,1,125,0,0,0,125,0,400,1.25,3,Low
29361,1,2,0,0,0,0,0,0,0,167,0,1.8,High
29361,2,1,0,0,0,0,0,0,0,164,0.61,3.05,High
29361,0,1,0,0,0,0,0,0,0,630,0,2.06,Low
29361,0,0,1,74,0,0,0,74,0,307,3.58,0.33,Low
29361,0,1,1,106,0,0,0,106,0,883,0.68,1.25,Low
29361,2,0,0,0,0,0,0,0,0,409,1.47,3.18,High
29361,0,1,0,0,0,0,0,0,0,128,0.78,1.56,Low
29361,0,5,0,0,0,0,0,0,0,679,0.88,3.09,High
29361,0,6,0,0,0,0,0,0,0,675,0.74,1.04,Low
29361,0,0,1,98,0,0,0,98,0,477,0.63,3.35,Low
30750,5,4,0,0,0,0,0,0,0,1342,0.67,4.62,High
30750,7,1,0,0,0,0,0,0,0,804,0.87,1.74,High
30750,1,1,0,0,0,0,0,0,0,412,0,2.91,High
30750,1,1,0,0,0,0,0,0,2,290,1.38,3.1,High
30750,3,3,0,0,0,0,0,0,0,35,8.57,0,High
30750,0,1,0,0,0,0,0,0,0,501,1.6,2.99,High
30750,3,0,1,18,0,0,0,18,0,301,1.33,2.33,High
30750,1,0,1,192,0,0,0,192,0,10,0,10,Low
30750,5,2,1,91,0,0,0,91,0,798,2.01,3.51,High
30750,0,1,0,0,0,0,0,0,0,394,2.28,3.55,High
30750,1,0,2,86,388,0,0,474,0,647,2.47,2.47,High
30750,1,0,1,89,0,0,0,89,0,454,1.76,2.42,High
30750,1,1,0,0,0,0,0,0,0,460,0.22,0.87,Low
30750,0,1,1,57,0,0,0,57,0,694,1.44,1.15,High
30750,18,1,0,0,0,0,0,0,0,765,2.09,1.44,High
30750,2,3,1,167,0,0,0,167,0,1074,2.42,2.14,Low
30750,0,6,0,0,0,0,0,0,0,675,0.74,1.04,High
30750,3,1,0,0,0,0,0,0,0,209,0.48,0.96,High
30750,0,1,0,0,0,0,0,0,0,367,1.91,2.45,Low
30750,0,0,1,314,0,0,0,314,0,291,2.06,0.69,Low
30750,0,0,1,35,0,0,0,35,0,511,1.17,0.59,High
30750,1,1,0,0,0,0,0,0,0,345,0.87,2.03,High
30750,0,3,1,268,0,0,0,268,0,603,1.33,0.5,Low
30750,0,0,1,235,0,0,0,235,0,626,1.6,0.96,Low
30750,0,3,1,107,0,0,0,107,0,482,1.66,0.41,Low
35692,2,3,0,0,0,0,0,0,0,593,1.85,3.2,High
35692,5,3,1,107,0,0,0,107,0,482,1.66,0.41,High
35692,9,4,0,0,0,0,0,0,0,1342,0.67,4.62,Low
35692,0,0,0,0,0,0,0,0,0,184,2.72,2.17,High
35692,0,0,0,0,0,0,0,0,0,678,1.77,3.83,High
35692,0,1,0,0,0,0,0,0,0,610,1.31,3.11,Low
35692,0,0,0,0,0,0,0,0,0,364,0.27,1.1,High
35692,8,1,0,0,0,0,0,0,0,804,0.87,1.74,High
35692,2,1,0,0,0,0,0,0,0,412,0,2.91,High
35692,0,2,1,114,0,0,0,114,1,906,0.88,2.54,Low
35692,0,0,0,0,0,0,0,0,0,0,0,0,Low
35692,4,3,0,0,0,0,0,0,0,35,8.57,0,High
35692,3,0,1,18,0,0,0,18,0,301,1.33,2.33,High
35692,1,5,0,0,0,0,0,0,1,324,1.54,0.31,High
35692,0,2,1,114,0,0,0,114,1,906,0.88,2.54,Low
35692,1,1,0,0,0,0,0,0,2,290,1.38,3.1,High
35692,0,1,0,0,0,0,0,0,0,501,1.6,2.99,High
35692,0,1,0,0,0,0,0,0,0,618,1.46,2.43,Low
35692,0,1,0,0,0,0,0,0,0,394,2.28,3.55,High
35692,1,1,0,0,0,0,0,0,0,460,0.22,0.87,Low
35692,1,0,1,192,0,0,0,192,0,10,0,10,Low
35692,0,0,1,35,0,0,0,35,0,511,1.17,0.59,High
35692,1,0,2,86,388,0,0,474,0,647,2.47,2.47,High
35692,5,2,1,91,0,0,0,91,0,798,2.01,3.51,High
35692,0,1,0,0,0,0,0,0,0,158,4.43,0,Low
28432,8,10,1,39,20,0,0,59,0,152,0,3.95,High
28432,1,1,0,0,0,0,0,0,0,396,0.76,0.76,Low
28432,0,1,0,0,0,0,0,0,0,415,2.41,0.48,High
28432,4,0,1,144,0,0,0,144,0,331,1.21,3.02,High
28432,0,2,0,0,0,0,0,0,0,2197,1.73,1.23,High
28432,1,1,0,0,0,0,0,0,0,320,0.94,0.94,Low
28432,1,1,0,0,0,0,0,0,0,357,0.56,2.8,High
28432,10,3,1,107,0,0,0,107,0,482,1.66,0.41,High
28432,0,1,1,80,0,0,0,80,1,394,3.55,3.55,Low
28432,0,1,0,0,0,0,0,0,0,475,2.53,3.16,High
28432,0,1,0,0,0,0,0,0,0,330,1.52,1.52,Low
28432,1,0,0,0,0,0,0,0,0,678,1.77,3.83,High
28432,10,4,0,0,0,0,0,0,0,1342,0.67,4.62,Low
28432,1,0,0,0,0,0,0,0,0,364,0.27,1.1,High
28432,0,3,0,0,0,0,0,0,2,606,2.81,0.83,Low
28432,0,0,1,204,0,0,0,204,0,484,2.27,3.31,Low
28432,0,1,0,0,0,0,0,0,0,521,1.92,0.58,Low
28432,1,1,0,0,0,0,0,0,0,227,0.88,3.96,Low
28432,1,5,0,0,0,0,0,0,1,324,1.54,0.31,High
28432,1,1,0,0,0,0,0,0,0,734,0.41,2.04,Low
28432,1,1,0,0,0,0,0,0,0,190,0.53,2.11,Low
28432,0,0,1,130,0,0,0,130,0,489,2.45,3.27,Low
28432,0,1,1,166,0,0,0,166,3,794,1.64,2.14,Low
28432,0,1,0,0,0,0,0,0,0,359,1.11,1.67,Low
28432,0,0,0,0,0,0,0,0,0,0,0,0,Low
19952,1,1,0,0,0,0,0,0,0,415,2.41,0.48,High
19952,11,10,1,39,20,0,0,59,0,152,0,3.95,High
19952,1,1,0,0,0,0,0,0,0,330,1.52,1.52,High
19952,0,1,1,40,0,0,0,40,0,413,1.94,5.57,High
19952,1,1,0,0,0,0,0,0,0,396,0.76,0.76,Low
19952,6,0,1,144,0,0,0,144,0,331,1.21,3.02,High
19952,0,0,1,74,0,0,0,74,0,955,0.84,1.88,High
19952,0,1,0,0,0,0,0,0,0,337,2.67,1.48,Low
19952,0,0,1,130,0,0,0,130,0,489,2.45,3.27,Low
19952,1,1,1,166,0,0,0,166,3,794,1.64,2.14,High
19952,2,1,0,0,0,0,0,0,0,357,0.56,2.8,High
19952,0,1,1,80,0,0,0,80,1,394,3.55,3.55,Low
19952,0,2,1,76,0,0,0,76,1,593,1.52,2.36,Low
19952,0,1,0,0,0,0,0,0,0,355,1.97,0,Low
19952,1,1,0,0,0,0,0,0,0,124,3.23,0,Low
19952,0,4,0,0,0,0,0,0,0,184,4.35,0.54,Low
19952,1,0,1,124,0,0,0,124,0,450,1.11,2.89,Low
19952,12,3,1,107,0,0,0,107,0,482,1.66,0.41,High
19952,0,2,1,255,0,0,0,255,0,870,1.61,3.33,Low
19952,1,0,1,204,0,0,0,204,0,484,2.27,3.31,Low
19952,1,1,0,0,0,0,0,0,0,475,2.53,3.16,High
19952,0,1,0,0,0,0,0,0,0,858,0.93,1.4,Low
19952,1,1,0,0,0,0,0,0,0,227,0.88,3.96,High
19952,0,1,0,0,0,0,0,0,3,407,0.25,0.98,Low
19952,0,0,0,0,0,0,0,0,0,560,1.25,4.82,Low
29366,5,1,0,0,0,0,0,0,0,416,1.68,2.4,High
29366,4,1,1,49,0,0,0,49,0,455,3.08,3.74,High
29366,0,1,2,125,131,0,0,256,12,892,2.69,1.46,High
29366,2,2,0,0,0,0,0,0,0,66,1.52,3.03,High
29366,1,1,0,0,0,0,0,0,0,161,1.24,2.48,High
29366,1,1,0,0,0,0,0,0,0,175,1.14,2.86,High
29366,0,1,2,133,40,0,0,173,0,601,1.5,2.16,Low
29366,0,0,1,151,0,0,0,151,0,839,2.74,1.55,Low
29366,1,1,0,0,0,0,0,0,0,532,0.94,2.44,Low
29366,1,1,0,0,0,0,0,0,0,385,2.34,1.3,High
29366,0,0,1,74,0,0,0,74,0,955,0.84,1.88,High
29366,3,1,0,0,0,0,0,0,1,315,0.32,1.27,Low
29366,1,1,0,0,0,0,0,0,0,337,2.67,1.48,High
29366,2,2,1,255,0,0,0,255,0,870,1.61,3.33,High
29366,1,1,0,0,0,0,0,0,0,415,2.41,0.48,Low
29366,2,1,0,0,0,0,0,0,0,294,1.7,1.02,High
29366,0,1,0,0,0,0,0,0,0,317,1.26,3.15,Low
29366,0,0,1,127,0,0,0,127,0,446,1.35,3.81,Low
29366,0,0,1,88,0,0,0,88,0,443,1.58,2.71,Low
29366,0,2,0,0,0,0,0,0,0,903,1.99,0.89,Low
29366,1,1,0,0,0,0,0,0,0,330,1.52,1.52,High
29366,1,1,0,0,0,0,0,0,1,117,1.71,0,Low
29366,12,10,1,39,20,0,0,59,0,152,0,3.95,High
29366,0,4,0,0,0,0,0,0,0,387,0.52,2.07,Low
29366,0,1,0,0,0,0,0,0,0,766,0.26,5.35,Low
22036,2,3,0,0,0,0,0,0,0,306,1.96,0.65,High
22036,9,1,2,125,131,0,0,256,12,892,2.69,1.46,Low
22036,7,1,0,0,0,0,0,0,0,416,1.68,2.4,High
22036,4,1,1,49,0,0,0,49,0,455,3.08,3.74,High
22036,2,2,0,0,0,0,0,0,0,66,1.52,3.03,High
22036,0,1,0,0,0,0,0,0,6,256,1.56,0.39,High
22036,0,25,0,0,0,0,0,0,0,559,1.43,3.4,Low
22036,0,0,1,147,0,0,0,147,0,128,0,0,Low
22036,0,1,0,0,0,0,0,0,0,338,1.78,1.18,Low
22036,2,4,0,0,0,0,0,0,0,387,0.52,2.07,High
22036,0,1,2,133,40,0,0,173,0,601,1.5,2.16,Low
22036,0,0,0,0,0,0,0,0,0,20,0,0,Low
22036,1,1,0,0,0,0,0,0,0,385,2.34,1.3,High
22036,0,1,0,0,0,0,0,0,0,112,5.36,0,Low
22036,3,1,0,0,0,0,0,0,1,315,0.32,1.27,Low
22036,0,1,0,0,0,0,0,0,0,317,1.26,3.15,Low
22036,0,0,1,74,0,0,0,74,0,955,0.84,1.88,High
22036,1,0,1,88,0,0,0,88,0,443,1.58,2.71,Low
22036,0,1,0,0,0,0,0,0,0,766,0.26,5.35,Low
22036,1,1,0,0,0,0,0,0,0,337,2.67,1.48,High
22036,2,1,0,0,0,0,0,0,0,294,1.7,1.02,High
22036,3,2,1,255,0,0,0,255,0,870,1.61,3.33,High
22036,1,1,0,0,0,0,0,0,0,415,2.41,0.48,Low
22036,0,0,1,127,0,0,0,127,0,446,1.35,3.81,Low
22036,0,1,1,67,0,0,0,67,0,202,1.98,4.95,Low
28013,4,1,0,0,0,0,0,0,0,793,1.13,3.15,High
28013,6,3,0,0,0,0,0,0,0,306,1.96,0.65,High
28013,1,0,1,94,0,0,0,94,0,527,0.57,0.57,High
28013,0,0,1,84,0,0,0,84,4,560,2.5,1.43,High
28013,6,2,1,142,0,0,0,142,0,283,1.77,0.71,High
28013,3,1,0,0,0,0,0,0,0,293,2.73,2.05,High
28013,0,25,0,0,0,0,0,0,0,559,1.43,3.4,High
28013,0,3,1,67,0,0,0,67,0,455,1.76,2.64,High
28013,1,1,0,0,0,0,0,0,0,315,0.95,3.17,High
28013,1,1,0,0,0,0,0,0,0,472,1.06,4.45,High
28013,1,1,1,53,0,0,0,53,0,443,2.48,0.45,High
28013,1,5,0,0,0,0,0,0,0,0,0,0,High
28013,1,4,1,700,0,0,0,700,0,541,2.03,0.18,Low
28013,11,1,2,125,131,0,0,256,12,892,2.69,1.46,Low
28013,0,0,1,88,0,0,0,88,0,165,0,2.42,Low
28013,0,0,1,79,0,0,0,79,0,642,1.09,1.56,High
28013,0,0,1,639,0,0,0,639,0,524,1.53,0.95,Low
28013,2,2,0,0,0,0,0,0,0,508,3.35,0.39,Low
28013,0,3,1,55,0,0,0,55,0,569,0.18,1.58,High
28013,0,1,0,0,0,0,0,0,0,270,1.85,1.85,Low
28013,0,4,0,0,0,0,0,0,1,246,0.41,0,Low
28013,1,1,1,62,0,0,0,62,0,578,1.9,1.04,High
28013,0,1,0,0,0,0,0,0,0,402,3.73,0,Low
28013,0,1,1,85,0,0,0,85,0,816,0.61,1.96,Low
28013,1,0,1,53,0,0,0,53,2,261,3.83,4.6,Low
22805,6,1,0,0,0,0,0,0,0,120,0.83,0.83,High
22805,4,1,0,0,0,0,0,0,0,793,1.13,3.15,High
22805,1,1,0,0,0,0,0,0,0,404,1.24,1.98,High
22805,0,0,1,84,0,0,0,84,4,560,2.5,1.43,High
22805,1,0,1,94,0,0,0,94,0,527,0.57,0.57,High
22805,1,0,0,0,0,0,0,0,0,417,1.44,3.36,High
22805,6,3,0,0,0,0,0,0,0,306,1.96,0.65,High
22805,0,3,1,67,0,0,0,67,0,455,1.76,2.64,High
22805,8,2,1,142,0,0,0,142,0,283,1.77,0.71,High
22805,3,1,0,0,0,0,0,0,0,293,2.73,2.05,High
22805,1,1,0,0,0,0,0,0,2,331,1.81,0,Low
22805,1,1,1,53,0,0,0,53,0,443,2.48,0.45,High
22805,1,69,2,117,24,0,0,141,0,566,0.71,3,High
22805,1,4,1,700,0,0,0,700,0,541,2.03,0.18,High
22805,0,25,0,0,0,0,0,0,0,559,1.43,3.4,High
22805,0,0,1,81,0,0,0,81,0,1128,2.39,1.06,Low
22805,0,4,0,0,0,0,0,0,0,567,1.76,2.82,Low
22805,1,1,0,0,0,0,0,0,0,472,1.06,4.45,High
22805,1,1,0,0,0,0,0,0,0,315,0.95,3.17,High
22805,0,1,0,0,0,0,0,0,0,511,2.35,0.78,Low
22805,0,1,0,0,0,0,0,0,0,183,0.55,2.19,Low
22805,0,1,1,85,0,0,0,85,0,816,0.61,1.96,High
22805,0,2,1,356,0,0,0,356,0,455,0.22,2.2,Low
22805,0,1,0,0,0,0,0,0,0,327,0.92,8.56,Low
22805,1,5,0,0,0,0,0,0,0,0,0,0,High
19370,43,2,0,0,0,0,0,0,0,384,1.56,1.3,High
19370,0,1,1,55,0,0,0,55,0,672,1.34,1.93,High
19370,1,1,0,0,0,0,0,0,0,1279,3.28,4.38,High
19370,1,0,1,240,0,0,0,240,0,523,0.19,1.53,High
19370,1,1,1,135,0,0,0,135,0,951,0.74,3.68,High
19370,3,1,1,63,0,0,0,63,0,384,2.34,0.78,High
19370,10,1,0,0,0,0,0,0,0,120,0.83,0.83,High
19370,0,2,0,0,0,0,0,0,0,518,1.16,1.16,Low
19370,1,3,0,0,0,0,0,0,0,431,0.23,2.32,Low
19370,0,1,2,127,119,0,0,246,0,370,2.16,0.27,High
19370,0,1,0,0,0,0,0,0,0,428,0.7,1.4,High
19370,0,1,0,0,0,0,0,0,0,749,2.4,1.47,Low
19370,0,0,1,157,0,0,0,157,0,1290,0.93,1.16,High
19370,1,0,1,65,0,0,0,65,0,369,1.08,1.36,High
19370,0,1,0,0,0,0,0,0,0,324,0.62,4.01,Low
19370,0,4,0,0,0,0,0,0,0,886,2.37,1.47,High
19370,4,1,0,0,0,0,0,0,2,331,1.81,0,High
19370,2,1,0,0,0,0,0,0,0,404,1.24,1.98,High
19370,0,0,0,0,0,0,0,0,0,142,2.82,0,Low
19370,0,2,1,154,0,0,0,154,3,380,0.53,1.58,High
19370,1,1,1,111,0,0,0,111,0,225,0.44,4.89,Low
19370,3,8,1,89,0,0,0,89,0,629,2.23,3.97,Low
19370,2,2,0,0,0,0,0,0,0,887,2.59,0.68,Low
19370,2,0,0,0,0,0,0,0,0,920,2.61,1.09,High
19370,2,0,0,0,0,0,0,0,0,417,1.44,3.36,High
24787,7,1,0,0,0,0,0,0,0,428,0.7,1.4,High
24787,7,1,1,112,0,0,0,112,0,447,0.45,1.34,Low
24787,0,2,1,356,0,0,0,356,0,538,2.6,4.83,High
24787,0,1,1,55,0,0,0,55,0,672,1.34,1.93,High
24787,1,4,1,122,0,0,0,122,0,213,2.35,0.94,Low
24787,0,0,1,89,0,0,0,89,0,456,1.54,3.73,High
24787,1,1,0,0,0,0,0,0,0,300,1,1.67,High
24787,0,1,0,0,0,0,0,0,0,932,1.39,1.5,High
24787,49,2,0,0,0,0,0,0,0,384,1.56,1.3,High
24787,0,0,1,31,0,0,0,31,0,129,3.1,2.33,High
24787,1,1,0,0,0,0,0,0,0,438,1.14,0.68,High
24787,0,0,1,194,0,0,0,194,0,272,2.94,1.84,Low
24787,1,1,0,0,0,0,0,0,0,1279,3.28,4.38,High
24787,0,1,1,152,0,0,0,152,0,140,0.71,0.71,Low
24787,2,0,1,83,0,0,0,83,0,136,0.74,2.94,Low
24787,1,0,1,240,0,0,0,240,0,523,0.19,1.53,High
24787,1,2,0,0,0,0,0,0,0,518,1.16,1.16,High
24787,1,1,1,135,0,0,0,135,0,951,0.74,3.68,High
24787,0,1,0,0,0,0,0,0,0,501,2,1.2,High
24787,3,1,1,63,0,0,0,63,0,384,2.34,0.78,High
24787,0,2,0,0,0,0,0,0,0,330,0.61,2.42,Low
24787,0,0,0,0,0,0,0,0,0,142,2.82,0,Low
24787,0,3,0,0,0,0,0,0,0,1038,3.56,0.29,High
24787,0,1,2,127,119,0,0,246,0,370,2.16,0.27,High
24787,1,1,1,111,0,0,0,111,0,225,0.44,4.89,Low
24661,24,1,2,28,37,0,0,65,0,907,0.99,3.75,Low
24661,10,0,1,89,0,0,0,89,0,456,1.54,3.73,High
24661,1,0,1,31,0,0,0,31,0,129,3.1,2.33,High
24661,3,1,1,152,0,0,0,152,0,140,0.71,0.71,High
24661,0,1,1,1064,0,0,0,1064,0,146,1.37,3.42,High
24661,1,1,0,0,0,0,0,0,0,739,1.08,1.62,High
24661,8,2,1,356,0,0,0,356,0,538,2.6,4.83,High
24661,0,0,1,30,0,0,0,30,0,389,0.51,2.31,High
24661,2,1,0,0,0,0,0,0,0,280,0.71,1.43,Low
24661,0,3,0,0,0,0,0,0,0,1179,0.93,4.07,High
24661,2,1,1,332,0,0,1,333,0,401,1,2,High
24661,0,1,1,188,0,0,0,188,0,151,0,3.31,High
24661,9,1,0,0,0,0,0,0,0,428,0.7,1.4,High
24661,11,1,1,112,0,0,0,112,0,447,0.45,1.34,Low
24661,1,1,0,0,0,0,0,0,0,932,1.39,1.5,High
24661,1,4,0,0,0,0,0,0,0,451,0.44,0.67,Low
24661,0,3,1,131,0,0,0,131,0,1404,1.5,1.71,Low
24661,2,1,0,0,0,0,0,0,0,300,1,1.67,High
24661,0,1,1,108,0,0,0,108,0,461,0.43,2.17,High
24661,1,0,1,31,0,0,0,31,0,260,2.31,1.92,Low
24661,0,1,0,0,0,0,0,0,0,149,0,1.34,High
24661,4,0,1,194,0,0,0,194,0,272,2.94,1.84,High
24661,1,1,0,0,0,0,0,0,1,383,1.57,2.61,High
24661,2,0,0,0,0,0,0,0,1,159,5.66,0.63,Low
24661,2,1,0,0,0,0,0,0,0,353,1.98,1.42,Low
18730,2,1,0,0,0,0,0,0,0,384,2.08,1.3,High
18730,3,1,1,1064,0,0,0,1064,0,146,1.37,3.42,High
18730,4,0,1,30,0,0,0,30,0,389,0.51,2.31,High
18730,35,1,2,28,37,0,0,65,0,907,0.99,3.75,Low
18730,0,3,1,12,0,0,0,12,0,399,0.75,2.76,High
18730,0,3,0,0,0,0,0,0,0,363,0.83,3.58,High
18730,1,1,0,0,0,0,0,0,0,739,1.08,1.62,High
18730,0,5,0,0,0,0,0,0,0,989,2.02,0.91,High
18730,10,0,1,89,0,0,0,89,0,456,1.54,3.73,High
18730,1,0,1,31,0,0,0,31,0,129,3.1,2.33,High
18730,3,1,1,152,0,0,0,152,0,140,0.71,0.71,High
18730,0,1,1,188,0,0,0,188,0,151,0,3.31,High
18730,0,1,1,125,0,0,0,125,0,71,0,2.82,Low
18730,0,5,1,112,0,0,0,112,0,497,1.01,2.41,High
18730,0,3,0,0,0,0,0,0,0,715,1.68,2.1,Low
18730,0,0,1,179,0,0,0,179,1,275,1.45,1.45,Low
18730,0,1,0,0,0,0,0,0,0,425,0.47,5.41,High
18730,2,1,0,0,0,0,0,0,0,280,0.71,1.43,High
18730,0,0,2,77,54,0,0,131,0,677,0.74,2.81,Low
18730,8,2,1,356,0,0,0,356,0,538,2.6,4.83,High
18730,0,3,0,0,0,0,0,0,0,1179,0.93,4.07,High
18730,0,0,1,58,0,0,0,58,0,297,2.02,0.34,Low
18730,2,1,1,332,0,0,1,333,0,401,1,2,High
18730,0,0,2,159,395,0,0,554,2,48,6.25,2.08,High
18730,0,3,1,131,0,0,0,131,0,1404,1.5,1.71,Low
32232,11,1,0,0,0,0,0,0,0,375,2.67,2.13,High
32232,1,1,0,0,0,0,0,0,0,487,0.62,2.05,High
32232,6,1,0,0,0,0,0,0,0,384,2.08,1.3,High
32232,0,2,0,0,0,0,0,0,1,399,0.75,3.26,High
32232,0,0,4,141,317,198,49,705,0,903,1.33,1.55,High
32232,0,1,0,0,0,0,0,0,0,233,0.86,1.72,High
32232,0,1,1,81,0,0,0,81,1,592,1.18,2.03,High
32232,0,1,0,0,0,0,0,0,0,143,2.1,1.4,Low
32232,1,0,0,0,0,0,0,0,0,131,0.76,2.29,High
32232,0,3,1,12,0,0,0,12,0,399,0.75,2.76,High
32232,0,1,0,0,0,0,0,0,0,341,2.05,5.28,High
32232,3,1,1,1064,0,0,0,1064,0,146,1.37,3.42,High
32232,0,1,4,148,128,92,135,503,0,117,0,0.85,High
32232,0,0,0,0,0,0,0,0,0,1290,2.87,1.4,High
32232,4,0,1,30,0,0,0,30,0,389,0.51,2.31,High
32232,0,1,0,0,0,0,0,0,0,910,2.09,0.77,High
32232,0,2,0,0,0,0,0,0,0,404,0.5,0.5,High
32232,1,1,1,84,0,0,0,84,0,185,1.62,2.16,Low
32232,0,0,1,98,0,0,0,98,0,418,2.87,1.2,Low
32232,0,1,0,0,0,0,0,0,0,612,1.8,0.65,Low
32232,1,1,0,0,0,0,0,0,0,314,3.5,0.96,High
32232,0,3,0,0,0,0,0,0,0,363,0.83,3.58,High
32232,0,5,0,0,0,0,0,0,0,2568,3.82,0.74,Low
32232,36,1,2,28,37,0,0,65,0,907,0.99,3.75,Low
32232,0,0,0,0,0,0,0,0,0,112,6.25,0,High
42029,0,1,0,0,0,0,0,0,0,156,0.64,2.56,High
42029,1,1,1,81,0,0,0,81,1,592,1.18,2.03,High
42029,1,1,0,0,0,0,0,0,0,621,0.97,5.15,High
42029,15,1,0,0,0,0,0,0,0,375,2.67,2.13,Low
42029,0,0,4,141,317,198,49,705,0,903,1.33,1.55,High
42029,0,1,0,0,0,0,0,0,0,324,0.93,2.47,Low
42029,0,7,0,0,0,0,0,0,7,618,2.27,1.78,Low
42029,0,1,0,0,0,0,0,0,2,161,2.48,0,High
42029,1,1,0,0,0,0,0,0,0,487,0.62,2.05,High
42029,0,3,0,0,0,0,0,0,0,360,0.83,0.83,High
42029,0,2,0,0,0,0,0,0,1,399,0.75,3.26,High
42029,1,0,1,98,0,0,0,98,0,418,2.87,1.2,High
42029,0,1,0,0,0,0,0,0,0,750,1.73,2.93,Low
42029,1,0,1,60,0,0,0,60,0,226,1.77,0,High
42029,6,1,0,0,0,0,0,0,0,384,2.08,1.3,High
42029,0,2,0,0,0,0,0,0,0,412,0.24,1.46,High
42029,1,1,0,0,0,0,0,0,0,35,8.57,0,Low
42029,0,2,2,308,41,0,0,349,0,680,0.74,0.29,High
42029,0,1,0,0,0,0,0,0,0,233,0.86,1.72,High
42029,0,1,0,0,0,0,0,0,0,802,1,1.37,Low
42029,1,1,0,0,0,0,0,0,0,143,2.1,1.4,High
42029,0,0,0,0,0,0,0,0,0,113,1.77,2.65,Low
42029,1,0,0,0,0,0,0,0,0,131,0.76,2.29,High
42029,0,3,1,61,0,0,0,61,0,282,1.06,1.77,Low
42029,0,2,0,0,0,0,0,0,0,404,0.5,0.5,High
20047,3,1,0,0,0,0,0,0,0,657,0.76,2.89,High
20047,5,4,1,291,0,0,0,291,0,1123,0.89,0.89,High
20047,5,1,0,0,0,0,0,0,0,156,0.64,2.56,Low
20047,0,3,0,0,0,0,0,0,0,485,3.92,0.62,High
20047,0,1,0,0,0,0,0,0,0,324,0.93,2.47,Low
20047,1,1,0,0,0,0,0,0,0,621,0.97,5.15,High
20047,0,1,0,0,0,0,0,0,0,170,0,0.59,Low
20047,0,0,1,95,0,0,0,95,0,122,4.1,0.82,High
20047,1,1,0,0,0,0,0,0,2,161,2.48,0,High
20047,0,3,1,350,0,0,0,350,0,0,0,0,High
20047,0,1,0,0,0,0,0,0,1,31,0,6.45,Low
20047,2,1,0,0,0,0,0,0,0,646,2.17,3.87,Low
20047,1,1,1,81,0,0,0,81,1,592,1.18,2.03,High
20047,2,1,0,0,0,0,0,0,0,177,0.56,0.56,Low
20047,0,0,1,37,0,0,0,37,0,903,0.33,1.55,High
20047,0,1,0,0,0,0,0,0,0,120,3.33,1.67,High
20047,1,1,0,0,0,0,0,0,0,410,3.17,1.46,Low
20047,0,1,0,0,0,0,0,0,0,670,1.19,2.99,High
20047,0,1,0,0,0,0,0,0,0,427,3.28,1.41,High
20047,0,1,0,0,0,0,0,0,0,360,2.22,2.22,Low
20047,0,0,1,139,0,0,0,139,0,0,0,0,Low
20047,0,0,2,40,59,0,0,99,0,205,1.95,2.44,Low
20047,1,1,0,0,0,0,0,0,0,489,1.23,0.41,High
20047,16,1,0,0,0,0,0,0,0,375,2.67,2.13,Low
20047,0,0,2,162,0,0,0,162,5,604,0.99,2.65,Low
16865,12,1,0,0,0,0,0,0,0,170,0,0.59,Low
16865,5,1,0,0,0,0,0,0,0,657,0.76,2.89,High
16865,5,4,1,291,0,0,0,291,0,1123,0.89,0.89,High
16865,0,1,0,0,0,0,0,0,0,34,0,0,High
16865,1,1,0,0,0,0,0,0,0,375,2.67,2.13,Low
16865,0,3,0,0,0,0,0,0,0,485,3.92,0.62,High
16865,5,1,0,0,0,0,0,0,0,156,0.64,2.56,Low
16865,1,1,0,0,0,0,0,0,0,324,0.93,2.47,Low
16865,0,0,1,84,0,0,0,84,1,602,1.16,1.99,Low
16865,1,1,0,0,0,0,0,0,0,133,0.75,6.77,High
16865,1,1,0,0,0,0,0,0,0,189,1.06,0.53,High
16865,1,1,0,0,0,0,0,0,0,621,0.97,5.15,High
16865,0,1,0,0,0,0,0,0,0,220,2.73,1.82,Low
16865,0,1,0,0,0,0,0,0,1,31,0,6.45,Low
16865,2,1,0,0,0,0,0,0,0,306,1.31,0.33,High
16865,0,0,1,95,0,0,0,95,0,122,4.1,0.82,Low
16865,0,1,3,86,128,60,0,274,0,872,1.15,1.95,Low
16865,0,3,1,350,0,0,0,350,0,0,0,0,High
16865,1,0,0,0,0,0,0,0,0,1085,2.58,1.84,Low
16865,2,1,0,0,0,0,0,0,0,646,2.17,3.87,High
16865,1,1,0,0,0,0,0,0,2,161,2.48,0,High
16865,0,1,0,0,0,0,0,0,0,360,2.22,2.22,Low
16865,0,1,0,0,0,0,0,0,0,427,3.28,1.41,High
16865,2,1,0,0,0,0,0,0,0,177,0.56,0.56,Low
16865,0,0,1,139,0,0,0,139,0,0,0,0,High
55975,11,0,1,45,0,0,0,45,0,193,3.11,3.63,High
55975,7,1,0,0,0,0,0,0,0,255,1.18,0.39,Low
55975,2,1,0,0,0,0,0,0,0,360,1.67,2.5,High
55975,1,1,0,0,0,0,0,0,6,671,0.6,3.43,High
55975,3,1,0,0,0,0,0,0,0,34,0,0,High
55975,0,0,1,84,0,0,0,84,1,602,1.16,1.99,High
55975,1,0,1,79,0,0,0,79,0,297,1.68,2.69,High
55975,1,0,0,0,0,0,0,0,0,140,1.43,0.71,High
55975,0,6,0,0,0,0,0,0,0,870,2.41,1.49,Low
55975,12,1,0,0,0,0,0,0,0,170,0,0.59,Low
55975,0,1,1,74,0,0,0,74,0,693,2.89,1.88,Low
55975,0,3,0,0,0,0,0,0,0,907,1.54,2.32,High
55975,1,2,0,0,0,0,0,0,0,201,1,1,Low
55975,0,1,0,0,0,0,0,0,0,220,2.73,1.82,Low
55975,0,3,0,0,0,0,0,0,0,238,0.42,3.78,High
55975,0,1,0,0,0,0,0,0,0,755,1.59,0.53,High
55975,0,11,1,542,0,0,0,542,0,202,1.49,1.49,Low
55975,0,2,0,0,0,0,0,0,0,372,1.08,0.27,Low
55975,6,1,0,0,0,0,0,0,0,657,0.76,2.89,High
55975,0,1,0,0,0,0,0,0,0,497,2.41,1.01,High
55975,2,1,0,0,0,0,0,0,0,0,0,0,High
55975,5,4,1,291,0,0,0,291,0,1123,0.89,0.89,High
55975,0,5,0,0,0,0,0,0,0,275,2.55,0.36,Low
55975,0,3,3,83,79,75,0,237,1,77,3.9,1.3,Low
55975,0,2,0,0,0,0,0,0,0,255,7.45,0.78,Low
12825,29,0,1,45,0,0,0,45,0,193,3.11,3.63,High
12825,3,1,0,0,0,0,0,0,0,360,1.67,2.5,High
12825,0,1,0,0,0,0,0,0,0,177,0.56,2.82,Low
12825,1,1,0,0,0,0,0,0,6,671,0.6,3.43,High
12825,7,1,0,0,0,0,0,0,0,255,1.18,0.39,Low
12825,0,3,0,0,0,0,0,0,0,570,1.75,2.98,Low
12825,0,1,0,0,0,0,0,0,0,495,0.4,5.66,Low
12825,0,0,0,0,0,0,0,0,1,262,1.15,0.76,High
12825,3,1,0,0,0,0,0,0,0,34,0,0,High
12825,0,0,1,84,0,0,0,84,1,602,1.16,1.99,High
12825,0,0,1,23,0,0,0,23,0,122,4.1,1.64,High
12825,1,0,1,79,0,0,0,79,0,297,1.68,2.69,High
12825,1,0,0,0,0,0,0,0,0,201,0,0.5,Low
12825,1,0,0,0,0,0,0,0,0,140,1.43,0.71,High
12825,0,6,0,0,0,0,0,0,0,870,2.41,1.49,Low
12825,0,4,0,0,0,0,0,0,0,727,1.51,2.34,Low
12825,0,3,0,0,0,0,0,0,0,907,1.54,2.32,Low
12825,0,1,1,74,0,0,0,74,0,693,2.89,1.88,Low
12825,12,1,0,0,0,0,0,0,0,170,0,0.59,Low
12825,1,2,0,0,0,0,0,0,0,201,1,1,Low
12825,0,1,0,0,0,0,0,0,0,302,0.66,0.99,Low
12825,0,1,0,0,0,0,0,0,0,145,3.45,3.45,Low
12825,0,1,0,0,0,0,0,0,0,755,1.59,0.53,High
12825,0,3,3,83,79,75,0,237,1,77,3.9,1.3,Low
12825,0,1,0,0,0,0,0,0,0,220,2.73,1.82,Low